level,item,word,part_of_speech,pronunciation,meaning
1,1,about,adv.,อะเบาทฺ,"ประมาณ, ราวๆ"
1,2,absent,adj.,แอบเซนทฺ,"ไม่อยู่, ขาด"
1,3,accent,n.,แอคเซนทฺ,"การเน้นเสียง, สำเนียง"
1,4,acrobat,n.,อะโครแบท,นักกายกรรม
1,5,act,n.,แอคทฺ,"กระทำ, แสดง"
1,6,action,n.,แอคชึ่น,การแสดง
1,7,action film,n.,แอคชึ่น ฟิล์ม,หนังบู๊
1,8,activity,n.,แอคทีฟวิที,กิจกรรม
1,9,actor,n.,แอคเทอะ,นักแสดงชาย
1,10,actress,n.,แอคเทรส,นักแสดงหญิง
1,11,add,v.,แอด,"เพิ่ม, เสริม, เติม, บวก"
1,12,address,n.,แอดเดรส,ที่อยู่
1,13,adult,n.,แอดัลทฺ,ผู้ใหญ
1,14,adventure,n.,แอดเวนเจอะ,การผจญภัย
1,15,advertisement,n.,แอดเวอะไทซฺเมินทฺ,"การโฆษณา, คำโฆษณา"
1,16,afraid,adj.,อะเฟรด,กลัว
1,17,Africa,n.,แอฟริคา,ทวีปแอฟริกา
1,18,after,prep.,อาฟเทอะ,"หลัง, หลังจาก"
1,19,afternoon,n.,อาฟเทอะนูน,"หลังเที่ยง, บ่าย"
1,20,after-school,adj.,อาฟเทอะ สกูล,หลังเลิกเรียน
1,21,age,n.,เอจ,อายุ
1,22,ago,adv.,อะโก,"แต่ก่อน, มาแล้ว"
1,23,agree,v.,อะกรี,ตกลง
1,24,agreement,n.,อะกรีเมินทฺ,"ข้อตกลง, ความตกลง, ความยินยอม"
1,25,airline,n.,แอร์ไลนฺ,สายการบิน
1,26,airplane,n.,แอร์เพลน,เครื่องบิน
1,27,airport,n.,แอร์พอรทฺ,สนามบิน
1,28,all,adj.,ออล,ทั้งหมด
1,29,almost,adv.,ออลโมสทฺ,"เกือบ, จวนเจียน, ฉิวเฉียด"
1,30,alone,adv.,อะโลน,โดดเดี่ยวเดียวดาย
1,31,alphabet,n.,แอลฟาเบท,อักษรพยัญชนะ
1,32,alright,adv.,ออลไรทฺ,ดีแล้ว
1,33,always,adv.,ออเวซฺ,"ตลอดไป, ตลอดเวลา"
1,34,amazing,adj.,อะเมซิ่ง,น่าประหลาดใจ
1,35,ambulance,n.,แอมบิวเลินซฺ,รถพยาบาล
1,36,amusement,n.,อะมิวซฺเมินทฺ,ความเพลิดเพลิน
1,37,animal,n.,แอนิมอล,สัตว์
1,38,ankle,n.,แองเคิล,ข้อเท้า
1,39,answer,n.,แอนเซอะ,"คำตอบ, ผลลัพธ์"
1,40,any,pron.,เอนนี่,"คนหนึ่งหนึ่งคนใด, ใคร, ใดๆ, สิ่งใดๆ"
1,41,apartment,n.,อะพาทเมินทฺ,อพาร์ตเมนท์
1,42,appearance,n.,อะเพียเรินซฺ,"การปรากฏตัว, ลักษณะท่าทาง"
1,43,architect,n.,อะคีเทคทฺ,สถาปนิก
1,44,arrive,v.,อะไรฟฺ,มาถึง
1,45,arrow,n.,แอโรวฺ,ลูกธนู
1,46,artist,n.,อาร์ทิสทฺ,"นักศิลปะ, นักแสดง"
1,47,ask,v.,อาสคฺ,"ถาม, ขอร้อง"
1,48,asleep,adj.,แอสลีพ,ซึ่งหลับอยู่
1,49,astronaut,n.,แอสโตรนอท,มนุษย์อวกาศ
1,50,athlete,n.,แอทลีธ,นักกีฬา
1,51,aunt,n.,อานทฺ,"ป้า, น้าชาย, อาชาย"
1,52,avocado,n.,อะโวคาโด,ผลอโวคาโด
1,53,axe,n.,แอกซฺ,ขวาน
1,54,back,n.,แบค,"หลัง, ข้างหลัง"
1,55,backpack,n.,แบกแพค,กระเป๋าสะพายหลัง
1,56,bad,adj.,แบด,"ชั่วร้าย, ไม่ดี, เลว, เสีย"
1,57,badminton,n.,แบดมินเทิน,กีฬาแบดมินตัน
1,58,bag,n.,แบก,"ถุง, กระเป๋า"
1,59,bake,v.,เบค,"ทำขนมปัง, ผิง, อบ"
1,60,bakery,n.,เบเกอรี่,ร้านขายขนมปง
1,61,banana,n.,บะแนนนะ,กล้วย
1,62,band,n.,แบนดฺ,วงดนตรี
1,63,bank,n.,แบงคฺ,"ธนาคาร, ตลิ่ง"
1,64,barbecue,n.,บาร์บีคิว,การย่างเนื้อ
1,65,bark,v.,บาร์คฺ,เห่า
1,66,baseball,n.,เบสบอล,กีฬาเบสบอล
1,67,basket,n.,บาสเกท,"กระจาด, ตะกร้า, กระบุง"
1,68,bat,n.,แบท,"ค้างคาว, กระบอง"
1,69,bath,v.,บาธ,อาบน้ำ
1,70,bathroom,n.,บาธรูม,ห้องนน้ำ
1,71,beach,n.,บีช,ชายหาด
1,72,bean,n.,บีน,"ฝักถั่ว, ถั่ว"
1,73,bear,n.,แบร์,หมี
1,74,beautiful,adj.,บิวทิฟูล,"สวย, งดงาม"
1,75,because,conj.,บีเคิส,"เพราะว่า, เนื่องจาก"
1,76,bed,n.,เบด,"เตียงนอน, ที่สำหรับนอน"
1,77,bedroom,n.,เบดรูม,ห้องนอน
1,78,bee,n.,บี,ผึ้ง
1,79,beef,n.,บีฟ,เนื้อวัว
1,80,begin,v.,บีกิน,เริ่ม
1,81,belt,n.,เบลทฺ,"เข็มขัด, สายพาน"
1,82,berry,n.,เบอรี่,ผลไม้ตระกูลเบอร์รี่
1,83,best,adj.,เบสทฺ,ดีที่สุด
1,84,between,prep.,บีทวีน,"ระหว่าง, คั่นกลาง"
1,85,beverage,n.,เบฟเวอเรจ,เครื่องดื่ม
1,86,big,adj.,บิก,ใหญ่
1,87,bill,n.,บิล,"ใบเสร็จเก็บเงิน, บัญชีรายการ, ตั๋ว"
1,88,biology,n.,ไบออลโลจิ,ชีววิทยา
1,89,bird,n.,เบิร์ด,"นก, สัตวปีก"
1,90,birthday,n.,เบิร์ธเด,วันเกิด
1,91,bite,v.,ไบทฺ,"กัด, กิน"
1,92,black,adj.,แบลค,สีดำ
1,93,blanket,n.,แบลงคิท,ผ้าห่ม
1,94,block,n.,บลอค,"ตึกใหญ่, สิ่งกีดขวาง"
1,95,blood,n.,บลัด,"เลือด, สายเลือด"
1,96,bloom,n.,บลูม,"การออกดอก, ความเบ่งบาน"
1,97,blouse,n.,เบลาซฺ,เสื้อครึ่งตัวของสตรี
1,98,blow,v.,โบลวฺ,"เป่าลม, ผิวปาก"
1,99,board,n.,บอร์ด,"ไม้กระดาน, บอร์ด"
1,100,boat,n.,โบท,เรือ
1,101,body,n.,บอดี,"ร่างกาย, ร่าง"
1,102,boil,v.,บอยลฺ,ทำให้เดือด
1,103,book,n.,บุค,หนังสือ
1,104,bookstore,n.,บุค สตอร์,ร้านหนังสือ
1,105,boot,n.,บูท,รองเท้าบูท
1,106,bored,adj.,บอรดฺ,เบื่อหน่าย
1,107,boring,adj.,บอริ่ง,น่าเบื่อหน่าย
1,108,borrow,v.,บอรโรว,ยืม
1,109,bottle,n.,บอทเทิล,ขวด
1,110,bottom,n.,บอทเทิม,"ก้น, พื้นฐาน"
1,111,bowl,n.,โบวฺ,"การโยนโบวลิ่ง, ลูกโบวลิ่ง"
1,112,box,n.,บอกซฺ,กล่อง
1,113,boy,n.,บอยลฺ,เด็กผู้ชาย
1,114,boyfriend,n.,บอยเฟรนดฺ,เพื่อนชาย
1,115,brain,n.,เบรน,"สมอง, สติปํญญา, คนฉลาด"
1,116,bread,n.,เบรด,ขนมปัง
1,117,break,v.,เบรก,"ทำแตก, ทุบ, ทำลาย"
1,118,breakfast,n.,เบรคเฟิสทฺ,อาหารเช้า
1,119,bridge,n.,บริจ,สะพาน
1,120,British,n.,บริทิช,คนอังกฤษ
1,121,brother,n.,บราเธอะ,พี่/น้องชาย
1,122,brother-in-law,n.,บราเธอะ อิน ลอ,น้องเขย
1,123,brown,n.,บราวนฺ,สีน้ำตาล
1,124,brush,n.,บรัช,"แปรง, พู่กัน"
1,125,bucket,n.,บัคคิท,ถังน้ำ
1,126,bug,n.,บัก,แมลง
1,127,Burmese,n.,เบอร์มิส,"ชาวพม่า, ภาษาพม่า"
1,128,burn,v.,เบิร์น,"เผา, ลวก, สุก, ไหม้, ทำให้ไหม้"
1,129,bus,n.,บัส,รถประจำทาง
1,130,business,n.,บิซซิเนส,"ธุรกิจ, กิจการ"
1,131,businessman,n.,บิซซิเนสแมน,นักธุรกิจ
1,132,businesswoman,n.,บิซซิเนสวูแมน,นักธุรกิจหญิง
1,133,busy,adj.,บิซซี่,"ไม่ว่าง, หมกมุ่น, ยุ่ง"
1,134,but,conj.,บัท,"แต่, นอกจาก, เว้นแต่, หากแต่"
1,135,butter,n.,บัทเทอะ,เนยเหลว
1,136,buy,v.,บาย,ซื้อ
1,137,cabbage,n.,แคบบิจ,ผักจำพวกกะหล่ำปลี
1,138,cable,n.,เคเบิล,สายเคเบิล
1,139,cage,n.,เคจ,กรง
1,140,cake,n.,เคก,ขนมเค้ก
1,141,calendar,n.,คาเลนเดอะ,ปฏิทิน
1,142,call,v.,คอล,"เรียก, ร้องขอ"
1,143,camel,n.,คาเมล,อูฐ
1,144,camera,n.,คาเมร่า,กล้องถ่ายรูป
1,145,Canadian,n.,แคนนาเดียน,ชาวแคนนาดา
1,146,candle,n.,แคนเดิล,เทียน
1,147,candy,n.,แคนดี้,"ลูกกวาด, ขนม"
1,148,cap,n.,แคพ,หมวก
1,149,capital,n.,แคพปิทอล,เมืองหลวง
1,150,car,n.,คาร์,รถ
1,151,card,n.,คาร์ด,บัตร
1,152,careful,adj.,แคร์ฟูล,"ระมัดระวัง, รอบคอบ"
1,153,carpenter,n.,คาร์เพนเทอะ,ช่างไม้
1,154,carpet,n.,คาร์พิท,พรม
1,155,carrot,n.,แคร์เริท,แครอท
1,156,carry,v.,แคร์รี่,แบก
1,157,carton,n.,คาร์ทูน,กล่องกระดาษ
1,158,cash,n.,แคช,เงินสด
1,159,cat,n.,แคท,แมว
1,160,cell phone,n.,เซล โฟน,โทรศัพท์มือถือ
1,161,center,n.,เซนเทอะ,ศูนย์กลาง
1,162,cereal,n.,ซีเรียล,"ธัญพืช, เมล็ดข้าว"
1,163,chair,n.,แชร์,"เก้าอี้, ตำแหน่งการงาน"
1,164,change,v.,เชนจฺ,เปลี่ยนแปลง
1,165,charming,adj.,ชาร์มมิ่ง,"จับใจ, ยั่วยวน, มีเสน่ห์"
1,166,chart,n.,ชาร์ท,"แผนภูมิ, ผัง"
1,167,chat,v.,แชท,"สนทนา, พูดคุย"
1,168,cheap,adj.,ชีพ,ราคาถูก
1,169,check,v.,เชค,"ขีดกากบาท, ตรวจสอบ"
1,170,cheese,n.,ชีส,"เนยแข็ง, ชีส"
1,171,cheesecake,n.,ชีสเคก,ขนมซีสเค้ก
1,172,cheetah,n.,ชีทาร์,เสือชีต้า
1,173,chef,n.,เชฟ,หัวหน้าคนครัว
1,174,cherry,n.,เชอร์รี่,ผลเชอร์รี่
1,175,chess,n.,เชส,เกมหมากรุก
1,176,chicken,n.,ชิคเคิน,ไก่
1,177,children,n.,ชิลเดรน,เด็ก
1,178,chocolate,n.,ชอคคะเลิท,ช็อกโกแลต
1,179,chocolate cake,n.,ชอคคะเลิท เคก,เค้กช็อกโกแลต
1,180,chop,v.,ชอพ,สับ
1,181,chopstick,n.,ชอพสติก,ตะเกียบ
1,182,church,n.,เชิร์ช,โบสถ์
1,183,cinema,n.,ซินนะมา,โรงภาพยนตร์
1,184,circle,n.,เซอเคิล,วงกลม
1,185,city,n.,ซิที่,เมือง
1,186,clap,v.,แคลพ,ปรบมือ
1,187,class,n.,คลาส,ห้องเรียน
1,188,classmate,n.,คลาสเมท,เพื่อนร่วมชั้น
1,189,clean,adj.,คลีน,สะอาด
1,190,clean up,v.,คลีน อัพ,ทำให้เป็นระเบียบเรียบร้อย
1,191,clear,adj.,เคลียร์,"ชัดเจน, สะอาด"
1,192,clerk,n.,เคลิค,เสมียน
1,193,clever,adj.,เคลฟเวอะ,ฉลาด
1,194,climb,v.,คลามบฺ,"ปีน, ไต่"
1,195,close,adj.,โคลส,"ใกล้ชิด, สนิท"
1,196,closet,n.,โคลสซิท,"ห้องส้วม, ห้องน้ำ, ตู้ติดผนัง"
1,197,clothes,n.,โคลธซฺ,"เสื้อผ้า, เครื่องนุ่งหม"
1,198,clothing,v.,โคลธิ่ง,"เสื้อผ้า, เครื่องนุ่งห่ม"
1,199,cloud,n.,คลาวดฺ,เมฆ
1,200,cloudy,adj.,คลาวดี้,"เต็มไปด้วยกลุ่มเมฆ, มืดมัว, เศร้าซึม"
1,201,club,n.,คลับ,"สโมสร, ชมรม"
1,202,Coach,n.,โคช,ผู้ฝึกสอน
1,203,coat,n.,โคท,"เสื้อคลุม, เสื้อนอก, ขนสัตว์"
1,204,cockroach,n.,คอคโรช,แมลงสาบ
1,205,coffee,n.,คอฟฟี่,กาแฟ
1,206,cold,adj.,โคลดฺ,หนาวเย็น
1,207,collection,n.,คอลเลคเชิน,การสะสม
1,208,college,n.,คอลลิจ,วิทยาลัย
1,209,color,n.,คัลเลอะ,สี
1,210,comb,n.,โคมบฺ,"รวงผึ้ง, หวี"
1,211,come,v.,คัม,"มา, ปรากฏ"
1,212,comic,n.,คอมมิค,"หนังสือการ์ตูน, ตัวละครตลก"
1,213,company,n.,คัมพานี,บริษัท
1,214,compass,n.,คัมเพิส,เข็มทิศ
1,215,computer,n.,คัมพิวเทอะ,คอมพิวเตอร์
1,216,concert,n.,คอนเซิท,คอนเสิร์ต
1,217,confident,adj.,คอนฟิเดินทฺ,รู้สึกแน่ใจรู้สึกมั่นใจ
1,218,continue,v.,คันทินิว,ทำต่อไป
1,219,control,v.,คันโทรว,ควบคุม
1,220,conversation,n.,คอนวะเซเชิน,การสนทนา
1,221,cook,v.,คุก,"ทำกับข้าว, ประกอบอาหาร"
1,222,cool,adj.,คุล,เย็นสบาย
1,223,corn,n.,คอร์น,ข้าวโพด
1,224,corner,n.,คอร์เนอะ,"มุม, หัวเลี้ยว"
1,225,correct,v.,เคอะเรคทฺ,ทำให้ถูกต้อง
1,226,cost,n.,คอสทฺ,"ทุน, ค่าใช้จ่าย"
1,227,costume,n.,คอสทูม,เครื่องแต่งกาย
1,228,cotton,n.,คัทเทิน,ฝ้าย
1,229,cough,n.,คัฟ,"เสียงไอ, การไอ"
1,230,count,v.,เคาทฺ,นับ
1,231,country,n.,คันทรี,ประเทศ
1,232,couple,n.,คัพเพิล,"คู่, สามีภรรยา, คู่หมั้น"
1,233,cousin,n.,คัซเซิน,ลูกพี่ลูกน้อง
1,234,crazy,adj.,เครซี่,บ้า
1,235,credit card,n.,เครดิท คาร์ด,บัตรเครดิต
1,236,crocodile,n.,ครอคคะไดลฺ,จระเข้
1,237,cry,v.,คราย,ร้องไห้
1,238,curly,adj.,เคอร์ลี่,"งอ, เป็นลอน"
1,239,cut,v.,คัท,"ตัด, ลด"
1,240,cute,adj.,คิวทฺ,น่ารัก
1,241,cycle,n.,ไซเคิล,"วงเวียน, วัฏจักร, รถจักรยาน"
1,242,dad,n.,แดด,พ่อ
1,243,dance,v.,แดนซฺ,เต้นรำ
1,244,dangerous,adj.,เดนเจอเริส,เป็นอันตราย
1,245,dark,adj.,ดาร์ก,ความมืด
1,246,date,n.,เดท,วันที่
1,247,daughter,n.,ดอเธอะ,ลูกสาว
1,248,day,n.,เด,"กลางวัน, วัน"
1,249,December,n.,ดีเซมเบอะ,เดือนธันวาคม
1,250,delicious,adj.,ดิลิชเชิส,"อร่อย, กลมกล่อม"
1,251,dentist,n.,เดนทิสทฺ,หมอฟัน
1,252,desert,n.,เดซเซิท,ทะเลทราย
1,253,design,v.,ดีไซนฺ,"คิดค้น, ออกแบบ"
1,254,designer,n.,ดีไซเนอะ,"ผู้ออกแบบ, ดีไซเนอร์"
1,255,dessert,n.,ดีเซิท,ของหวาน
1,256,diary,n.,ไดอะรี่,สมุดบันทึกประจำวัน
1,257,dice,n.,ไดซฺ,ลูกเต๋า
1,258,dictionary,n.,ดิคเชินนะรี่,พจนานุกรม
1,259,die,v.,ดาย,"ตาย, พินาศ, หยุด"
1,260,difficult,adj.,ดิฟฟะคัลทฺ,"ยาก, ลำบาก"
1,261,dig,v.,ดิก,"ขุด, เจาะ"
1,262,dinner,n.,ดินเนอะ,อาหารค่ำ
1,263,dinosaur,n.,ไดโนซอร์,ไดโนเสาร์
1,264,direction,n.,ดิเรคเชิน,"ทิศทาง, การควบคุมหรือการจัดการ"
1,265,dirty,adj.,เดอร์ที,สกปรก
1,266,disco,n.,ดิสโค,"ไนท์คลับ, ดิสโก"
1,267,dish,n.,ดิช,"จาน, อาหาร"
1,268,dislike,v.,ดิสไลคฺ,ไม่ชอบ
1,269,doctor,n.,ดอคเทอะ,"หมอ, แพทย์"
1,270,dollar,n.,ดอลล่า,ดอลลาร์ (หน่วยเงินตรา)
1,271,dolphin,n.,ดอลฟิน,ปลาโลมา
1,272,doorbell,n.,ดอร์เบล,กริ่งหน้าประตู
1,273,dot,n.,ดอท,จุด
1,274,dough,n.,โด,ส่วนผสมขนมปัง
1,275,doughnut,n.,โดนัท,ขนมโดนัท
1,276,dozen,n.,ดอซเซิน,1 โหล
1,277,dragon,n.,แดรกเกิ่น,มังกร
1,278,drama,n.,ดราม่า,"บทละคร, เรื่องละคร, ละคร"
1,279,draw,v.,ดรอวฺ,"ดึง, ลาก, วาดรูป"
1,280,dream,n.,ดรีม,"ความฝัน, การเพ้อฝัน"
1,281,dress,n.,เดรส,"เครื่องแต่งกาย, เสื้อชุด"
1,282,drink,v.,ดริงคฺ,"ดื่ม, ดูด, ดูดดื่ม"
1,283,drinker,adj.,ดริงเคอะ,"คนดื่ม, นักดื่มเหล้า"
1,284,driver,n.,ไดรฟเวอะ,คนขับรถ
1,285,Dutch,adj.,ดัทชฺ,เกี่ยวกับประชาชนและภาษาของเนเธอร์แลนด์
1,286,eagle,n.,อีเกิล,นกอินทรี
1,287,early,adv.,เออลี่,"เช้า, แต่เช้า, ก่อนเวลากำหนด"
1,288,easy,adj.,อีซซี่,"ง่าย, สบาย"
1,289,eat,v.,อีท,"กินอาหาร, รับประทานอาหาร"
1,290,education,n.,เอดจุเคเชิน,การศึกษา
1,291,elephant,n.,เอลเลอะเฟินทฺ,ช้าง
1,292,e-mail,n.,อีเมล,จดหมายอิเล็กทรอนิคส์
1,293,end,v.,เอนดฺ,"จบ, ท้ายสุด, ลงท้าย"
1,294,energy,n.,เอนเนอจี,พลังงาน
1,295,England,n.,อิงเลินดฺ,ประเทศอังกฤษ
1,296,English,n.,อิงลิช,ภาษาอังกฤษ
1,297,enjoy,v.,เอนจอย,สนุก
1,298,environment,n.,เอนไวเรินเมินทฺ,สิ่งแวดล้อม
1,299,evening,n.,อีฟนิ่ง,ตอนเย็น
1,300,event,n.,อีเวินทฺ,"เหตุการณ์, ผล"
1,301,every,adj.,เอฟวรี่,ทุกๆ
1,302,evil,n.,อีเวิล,"ความชั่ว, ความเลวร้าย"
1,303,exam,n.,อิกแซม,"การสอบ, การทดสอบ"
1,304,example,n.,อิกแซมเพิล,"เป็นตัวอย่าง, แบบอย่าง"
1,305,excellent,adj.,เอกเซอะเลินทฺ,"ดีเด่น, เยี่ยม"
1,306,excited,adj.,อิกไซเทด,ตื่นเต้นดีใจ
1,307,exciting,adj.,อิกไซทิ่ง,น่าตื่นเต้น
1,308,exercise,n.,เอคเซอไซซ,"การออกกำลังกาย, แบบฝึกหัด"
1,309,exit,n.,เอกซิท,ทางออก
1,310,expensive,adj.,อิกซเปนซีฟ,มีราคาแพง
1,311,experience,n.,อิกซเปียเรียนซฺ,ประสบการณ์
1,312,extra,adj.,เอกซตรา,"เป็นพิเศษ, พิเศษ"
1,313,eye,n.,อาย,ตา
1,314,far,adv.,ฟาร์,ไกล
1,315,farmer,n.,ฟาร์เมอะ,เกษตรกร
1,316,farther,adv.,ฟาร์เธอะ,ไกลออกไป
1,317,fast,adj.,ฟาสทฺ,เร็ว
1,318,fast food,n.,ฟาสทฺฟูด,อาหารจานด่วน
1,319,favorite,n.,เฟเวอริท,คนหรือสิ่งของที่เป็นที่ชื่นชอบ
1,320,fax,n.,แฟกซฺ,โทรสาร
1,321,feather,n.,เฟทเธอะ,"ขนนก, ไรผม"
1,322,feel,v.,ฟีล,รู้สึก
1,323,female,n.,ฟีเมล,สตรีหรือเพศหญิง
1,324,festival,n.,เฟสทิเวิล,วันเฉลิมฉลอง
1,325,few,adj.,ฟิว,"น้อยมาก, สองสามสิ่ง"
1,326,fill,v.,ฟิล,ทำให้เต็ม
1,327,film,n.,ฟิล์ม,ภาพยนตร์
1,328,final,adj.,ไฟนอล,สุดท้าย
1,329,find,v.,ไฟนดฺ,"พบ, หา"
1,330,finger,n.,ฟิงเกอะ,นิ้วมือ
1,331,finish,v.,ฟินิช,"สำเร็จ, เสร็จ"
1,332,fire,n.,ไฟเออะ,"ไฟ, กองไฟ"
1,333,first,n.,เฟิร์สทฺ,ลำดับแรก
1,334,first day,n.,เฟิร์สทฺ เด,วันแรก
1,335,fishing,n.,ฟิชชิ่ง,"การจับปลา, ตกปลา"
1,336,fit,v.,ฟิท,"เหมาะสม, พอดี, กระชับ"
1,337,flag,n.,แฟลก,ธง
1,338,floor,n.,ฟลอร์,พื้น
1,339,flour,n.,ฟลาวเออะ,แป้งทำขนมหรืออาหาร
1,340,flower,n.,ฟลาวเวอะ,ดอกไม้
1,341,fly,v.,ฟลาย,"บิน, ขับเครื่องบิน, ทำให้ลอย"
1,342,foggy,adj.,ฟอกกี,มีหมอกมาก
1,343,food,n.,ฟูด,อาหาร
1,344,football,n.,ฟุทบอล,ฟุตบอล
1,345,for,prep.,ฟอร์,"สำหรับ, เพื่อ"
1,346,forest,n.,ฟอร์เรสทฺ,ป่า
1,347,forever,adv.,ฟอเรฟเวอะ,"นิรันดร, ตลอดไป"
1,348,forget,v.,ฟอร์เกท,ลืม
1,349,form,n.,ฟอร์ม,รูปแบบ
1,350,formal,adj.,ฟอร์มอล,"ตามธรรมเนียม, เป็นทางการ"
1,351,free,adj.,ฟรี,"มีอิสระ, เสรีภาพ, ฟรี"
1,352,free time,n.,ฟรี ไทมฺ,เวลาว่าง
1,353,freeze,n.,ฟรีซ,อากาศเย็นถึงจุดเยือกแข็ง
1,354,French,n.,เฟรนชฺ,ชาวฝรั่งเศส
1,355,frequency,n.,ฟรีเควินซี่,ความถี่
1,356,Friday,n.,ฟรายเด,วันศุกร์
1,357,friend,n.,เฟรนดฺ,"เพื่อน, มิตร, สหาย"
1,358,friendly,adj.,เฟรนดลี,เป็นมิตร
1,359,frog,n.,ฟรอก,กบ
1,360,fruit,n.,ฟรุท,ผลไม้
1,361,fry,v.,ฟราย,ทอด
1,362,fun,n.,ฟัน,ความสนุกสนาน
1,363,funny,adj.,ฟันนี,ตลก
1,364,fur,n.,เฟอ,ขนสัตว์
1,365,future,n.,ฟิวเชอะ,อนาคต
1,366,game,n.,เกม,เกม
1,367,garage,n.,การ์ราจ,โรงรถ
1,368,garden,n.,การ์เดิน,"สวน, อุทยาน"
1,369,garlic,n.,การ์ลิค,กระเทียม
1,370,gas,n.,แกส,ก๊าซ
1,371,geography,n.,จีออกราฟฟี่,ภูมิศาสตร์
1,372,German,n.,เจอร์เมิน,ชาวเยอรมัน
1,373,get,v.,เกท,"เอา, ได้รับ, เข้าใจ"
1,374,get up,v.,เกท อัพ,ยืนขึ้น
1,375,ghost,n.,โกสทฺ,"ภูต, ผี"
1,376,gift,n.,กิฟทฺ,ของขวัญ
1,377,girl,n.,เกิร์ล,เด็กผู้หญิง
1,378,give,v.,กิวฟฺ,"ให้, มอบ"
1,379,glass,n.,กลาส,"แก้วน้ำ, กระจก"
1,380,glove,n.,โกลวฟฺ,ถุงมือ
1,381,go,v.,โก,ไป
1,382,goat,n.,โกท,แพะ
1,383,God,n.,กอด,พระเจ้า
1,384,goddess,n.,กอดดิส,เทพธิดา
1,385,golden,adj.,โกลเดิน,สีทอง
1,386,golf,n.,กอล์ฟ,กีฬากอล์ฟ
1,387,good,adj.,กูด,"ดี, มีคุณธรรม"
1,388,gorilla,n.,กอริลล่า,กอริล่า
1,389,grade,n.,เกรด,ระดับ
1,390,grandma,n.,แกรนม่า,ย่าหรือยาย
1,391,grandpa,n.,แกรนพ่า,ปู่หรือตา
1,392,grandparent,n.,แกรนพาเรินทฺ,ปู่ย่าตายาย
1,393,grass,n.,กราส,หญ้า
1,394,grasshopper,n.,กราสฮอพเพอะ,ตั๊กแตน
1,395,gray,adj.,เกร,สีเทา
1,396,great,adj.,เกรท,"ใหญ่, ยิ่งใหญ่, ดี"
1,397,Greece,n.,กรีส,ประเทศกรีซ
1,398,Greek,n.,กรีก,"ชาวกรีก, ภาษากรีก"
1,399,green,n.,กรีน,สีเขียว
1,400,greet,v.,กรีท,"ทักทาย, คำนับ"
1,401,group,n.,กรุพ,"กลุ่ม, หมู่"
1,402,grow,v.,โกรวฺ,"ปลูก, เติบโต, งอกงาม"
1,403,guitar,n.,กีท่าร์,กีตาร์
1,404,gum,n.,กัม,"ยางไม้, หมากฝรั่ง"
1,405,guy,n.,กาย,"คนนั้น, หมอนั่น"
1,406,gym,n.,จิม,โรงยิม
1,407,hair,n.,แฮร์,"ผม, ขน"
1,408,hairbrush,n.,แอร์บรัช,หวีแปรง
1,409,haircut,n.,แอร์คัท,การตัดผม
1,410,half,n.,ฮาล์ฟ,ครึ่ง
1,411,hamburger,n.,แฮมเบอเกอะ,แฮมเบอร์เกอร์
1,412,handsome,adj.,แฮนดฺเซิม,หล่อ
1,413,happen,v.,แฮพเพิน,"ปรากฏ, เกิดขึ้น"
1,414,happy,adj.,แฮพพี,"โชคดี, มีความสุข"
1,415,hard,adj.,ฮาร์ด,"แข็ง, ยาก, ลำบาก"
1,416,hate,v.,เฮท,เกลียด
1,417,head,n.,เฮด,ศีรษะ
1,418,headache,n.,เฮดเดค,อาการปวดศีรษะ
1,419,health,n.,เฮลธฺ,สุขภาพ
1,420,healthy,adj.,เฮลธี,"มีประโยชน์ต่อสุขภาพ, สุขภาพดี"
1,421,hear,v.,เฮีย,ได้ยิน
1,422,heart,n.,ฮาร์ทฺ,หัวใจ
1,423,heaven,n.,เฮฟเวิน,สวรรค์
1,424,heavy,adj.,เฮฟวี,น้ำหนักมาก
1,425,height,n.,ไฮทฺ,"ความสูง, ระดับสูง"
1,426,helicopter,n.,เฮลิคอพเทอะ,เฮลิคอปเตอร์
1,427,hello,interj.,เฮลโล,คำแสดงการทักทาย
1,428,help,v.,เฮลพฺ,ช่วย
1,429,here,adv.,เฮีย,"ที่นี้, ตรงนี้"
1,430,hero,n.,ฮีโร่ว,วีรบุรุษ
1,431,hey,interj.,เฮ,คำอุทานเพื่อทักทาย
1,432,hi,interj.,ไฮ,คำอุทานทักทาย
1,433,hide,v.,ไฮดฺ,"ซ่อน, บัง, ปกคลุม"
1,434,high,adj.,ไฮ,สูง
1,435,hill,n.,ฮิล,เนินเขา
1,436,hippo,n.,ฮิพโพ,ฮิปโป
1,437,history,n.,ฮิสทรี่,ประวัติศาสตร์
1,438,hit,v.,ฮิท,"ต่อย, ตี"
1,439,hobby,n.,ฮอบบี,งานอดิเรก
1,440,hole,n.,โฮล,"รู, โพลง"
1,441,holiday,n.,ฮอลิเด,"เทศกาล, วันนักขัตฤกษ, วันหยุดราชการ"
1,442,home,n.,โฮม,บ้าน
1,443,homesick,adj.,โฮมซิค,คิดถึงบ้าน
1,444,homework,n.,โฮมเวิร์ค,การบ้าน
1,445,honest,adj.,ออนนิสทฺ,ซื่อสัตย์
1,446,honey,n.,ฮันนี,น้ำผึ้ง
1,447,hop,v.,ฮอพ,กระโดด
1,448,horse,n.,ฮอร์ส,ม้า
1,449,horseback,n.,ฮอร์สแบค,หลังม้า
1,450,hospital,n.,ฮอสพิทัล,โรงพยาบาล
1,451,host,n.,โฮสทฺ,"เจ้าบ้าน, เจ้าภาพ"
1,452,hotel,n.,โฮเทล,โรงแรม
1,453,hour,n.,อาวเออะ,ชั่วโมง
1,454,how,adv.,ฮาว,"เพียงใด, แค่ไหน, อย่างไร"
1,455,hug,v.,ฮัก,"กอด, รัด"
1,456,hundred,n.,ฮันเดรด,หลักร้อย
1,457,hungry,adj.,ฮังกรี,หิว
1,458,husband,n.,ฮัสเบินดฺ,สามี
1,459,ice,n.,ไอซฺ,น้ำแข็ง
1,460,ice cream,n.,ไอซฺกรีม,ไอศกรีม
1,461,idea,n.,ไอเดีย,ความคิด
1,462,important,adj.,อิมพอร์เทินทฺ,สำคัญ
1,463,in front of,prep.,อิน ฟรอนทฺ ออฟ,ข้างหน้า
1,464,incorrect,adj.,อินเคอะเรคทฺ,ไม่ถูกต้อง
1,465,indoor,adj.,อินดอร์,"ในบ้าน, ในร่ม"
1,466,insect,n.,อินเซคทฺ,แมลง
1,467,inside,adv.,อินไซดฺ,"ข้างใน, ด้านใน"
1,468,interesting,v.,อินเทอเรสติง,น่าสนใจ
1,469,internet,n.,อินเทอเนท,อินเตอร์เน็ต
1,470,interview,n.,อินเทอวิว,การสัมภาษณ์
1,471,introduce,v.,อินทระดูวซฺ,แนะนำตัว
1,472,invite,v.,อินไวทฺ,"เชิญ, เชื้อเชิญ"
1,473,iron,v.,ไอรฺเอิน,รีด (เสื้อผ้า)
1,474,Italian,n.,อิแทลเยิน,ชาวอิตาลี
1,475,Italy,n.,อิททะลี,ประเทศอิตาลี
1,476,item,n.,ไอเทิม,"เรื่อง, ชิ้น, อัน"
1,477,jacket,n.,แจคคิท,เสื้อแจ็กเก็ท
1,478,jam,v.,แจม,"แออัด, ติดขัด"
1,479,jar,n.,จาร์,"ไห, กระปุก"
1,480,jazz,n.,แจส,ดนตรีแจส
1,481,jean,n.,จีน,ผ้ายีน
1,482,job,n.,จอบ,งาน
1,483,jog,v.,จอก,วิ่งเหยาะๆ
1,484,joke,v.,โจก,"พูดล้อเล่น, พูดตลก"
1,485,juice,n.,จูซ,"น้ำผลไม้, น้ำผัก"
1,486,jump,v.,จัมพฺ,กระโดด
1,487,junk,n.,จังคฺ,ขยะ
1,488,just,adv.,จัสทฺ,"เพิ่งจะ, เกือบจะ"
1,489,karaoke,n.,เคราโอคิ,การร้องคาราโอเกะ
1,490,keep,v.,คีพ,รักษา
1,491,kick,v.,คิค,"ถีบ, เตะ"
1,492,kid,n.,คิด,เด็ก
1,493,killer,n.,คิลเลอะ,"ผู้ฆ่า, นักฆ่า"
1,494,kilometer,n.,คิลอมมีเทอะ,กิโลเมตร
1,495,kind,adj.,ไคนดฺ,"กรุณา, เมตตา, ใจดี"
1,496,kindergarten,n.,คินเดอะการ์เทิน,โรงเรียนอนุบาล
1,497,king,n.,คิง,กษัตริย์
1,498,kiss,v.,คิส,จูบ
1,499,kitchen,n.,คิทเชิน,ครัว
1,500,knee,n.,นี,เข่า
1,501,knife,n.,ไนฟฺ,มีด
1,502,knit,v.,นิท,ถัก
1,503,know,v.,โนวฺ,"ทราบ, จำได้, รู้, รู้จัก"
1,504,lane,n.,เลน,ช่องทาง
1,505,language,n.,แลงเกวจฺ,ภาษา
1,506,large,adj.,ลาจ,"ส่วนใหญ่, ใหญ่, โต"
1,507,laser,n.,เลเซอะ,แสงเลเซอร
1,508,last,adj.,ลาสทฺ,"ที่แล้วมานี้, คราวสุดท้าย, สุดท้าย, ล่าสุด"
1,509,late,adj.,เลท,"สาย, ช้ากว่ากำหนด"
1,510,laugh,v.,ลัฟ,หัวเราะ
1,511,lawyer,n.,ลอเยอะ,ทนายความ
1,512,lazy,adj.,เลซี,เกียจคร้าน
1,513,lead,v.,ลีด,"นำ, นำพา, จูง, ชักจูง"
1,514,learn,v.,เลิร์น,เรียนรู้
1,515,least,adj.,ลีสทฺ,น้อยที่สุด
1,516,leather,n.,เลทเธอะ,หนังสัตว์
1,517,leave,v.,ลีฟ,"ออกไป, ออกจาก, ละทิ้ง"
1,518,leg,n.,เลก,ขา
1,519,lemon,n.,เลเมิน,มะนาว
1,520,lemonade,n.,เลเมอเนด,น้ำมะนาว
1,521,lens,n.,เลนซฺ,เลนส์
1,522,leopard,n.,เลพเพิร์ด,เสือดาว
1,523,let,v.,เลท,อนุญาต
1,524,letter,n.,เลทเทอะ,จดหมาย
1,525,lettuce,n.,เลททิวซฺ,ผักกาดหอม
1,526,library,n.,ไลบระลี,ห้องสมุด
1,527,lie,v.,ลาย,โกหก
1,528,life,n.,ไลฟฺ,ชีวิต
1,529,lifestyle,n.,ไลฟฺสไตล์,วิถีชีวิต
1,530,light,n.,ไลทฺ,"โคม, ตะเกียง, แสงไฟ"
1,531,like,v.,ไลคฺ,ชอบ
1,532,line,n.,ไลนฺ,เส้น
1,533,link,n.,ลิงคฺ,"การเชื่อมต่อ, ข้อต่อ"
1,534,lion,n.,ไลเยิน,สิงโต
1,535,list,n.,ลิสทฺ,รายการ
1,536,listen,v.,ลิสเซิน,ฟัง
1,537,little,adj.,ลิทเทิล,เล็กน้อย
1,538,live,v.,ลีฟ,"ดำรงชีพ, อาศัยอยู่"
1,539,lizard,n.,ลิซเซิร์ด,สัตวเลื้อยคลานพวกจิ้งจก
1,540,lobster,n.,ลอบสเตอะ,กุ้งทะเลขนาดใหญ่
1,541,location,n.,โลเคเชิน,"ตำแหน่ง, สถานที่"
1,542,locker,n.,ลอคเคอะ,ตู้ลอคเกอร์
1,543,London,n.,ลอนเดิน,กรุงลอนดอน
1,544,look,v.,ลุค,ดู
1,545,look after,v.,ลุคอาฟเทอะ,ดูแล
1,546,look at,v.,ลุคแอท,"พิจารณาบางสิ่งในทางที่พิเศษ, มองที่"
1,547,look for,v.,ลุคฟอร์,"ค้นหา, มองหา"
1,548,lost,adj.,ลอสทฺ,สูญหายไป
1,549,loud,adj.,ลาวดฺ,ดัง
1,550,low,adj.,โลว,"เตี้ย, ต่ำ"
1,551,lucky,adj.,ลัคคี,โชคดี
1,552,machine,n.,มัชชีน,"เครื่องจักร, ที่ใช้กำลังเครื่องจักร"
1,553,magazine,n.,แมกกะซีน,หนังนิตยสาร
1,554,magic,n.,เมจิค,เวทมนต์
1,555,make,v.,เมค,"ทำ, ก่อ, ผลิต, สร้าง"
1,556,male,n.,เมล,เพศชาย
1,557,mango,n.,แมงโก,มะม่วง
1,558,many,adj.,แมนนี,มาก
1,559,map,n.,แมพ,แผนที่
1,560,mark,n.,มาร์ค,เครื่องหมาย
1,561,marry,v.,แมร์รี,แต่งงาน
1,562,mat,n.,แมท,เสื่อ
1,563,match,n.,แมทชฺ,การแข่งขัน
1,564,math,n.,แมธ,คณิตศาสตร์
1,565,meal,n.,มีล,มื้ออาหาร
1,566,mean,v.,มีน,หมายถึง
1,567,meat,n.,มีท,เนื้อสัตว์
1,568,mechanic,n.,เมอะแคนนิค,นายช่าง
1,569,media,n.,มีเดีย,สื่อมวลชน
1,570,medicine,n.,เมดดิซีน,ยา
1,571,meet,v.,มีท,"พบ, เจอ"
1,572,meeting,n.,มีททิ่ง,การประชุม
1,573,melon,n.,เมลเลิน,ผลไม้จำพวกแตง
1,574,melt,v.,เมลทฺ,"ละลาย, หลอม"
1,575,member,n.,เมมเบอะ,สมาชิก
1,576,memory,n.,เมมมะรี่,ความจำ
1,577,message,n.,เมสเสจ,ข้อความ
1,578,meter,n.,มีทเทอะ,หน่วยวัดความยาวเป็นเมตร
1,579,Mexico,n.,เมกซิโก,ประเทศเม็กซิโก
1,580,microwave,n.,ไมโครเวฟ,ไมโครเวฟ
1,581,middle,adj.,มิดเดิล,ส่วนกลาง
1,582,midnight,n.,มิดไนทฺ,เที่ยงคืน
1,583,milk,n.,มิลคฺ,น้ำนม
1,584,million,n.,มิลเยิน,หนึ่งล้าน
1,585,minute,n.,มินนิท,นาที
1,586,mirror,n.,มิเรอะ,กระจกเงา
1,587,miss,v.,มิส,"ทำพลาด, ตกรถ, คิดถึง"
1,588,mix,v.,มิกซฺ,ผสม
1,589,modern,adj.,โมเดิร์น,ทันสมัย
1,590,moment,n.,โมเมินทฺ,ขณะนั้น
1,591,money,n.,มันนี,เงิน
1,592,monkey,n.,มังคี,"ลิง, เด็กซน"
1,593,month,n.,มันธฺ,เดือน
1,594,morning,n.,มอร์นิ่ง,"เช้า, เวลาเช้า"
1,595,most,adj.,โมสทฺ,มากที่สุด
1,596,motorbike,n.,โมเทอะไบค์,รถจักรยานยนต์
1,597,mountain,n.,เมาเทิน,"แถบภูเขา, ภูเขา, สูง"
1,598,mouse,n.,เมาซฺ,หนู
1,599,move,v.,มูวฟฺ,เคลื่อนที่
1,600,movie,n.,มูฟวี,ภาพยนตร์
1,601,mud,n.,มัด,โคลน
1,602,mum,v.,มัม,แม่
1,603,museum,n.,มิวเซียม,พิพิธภัณฑ์
1,604,mushroom,n.,มัชรูม,เห็ด
1,605,music,n.,มิวสิค,ดนตรี
1,606,musician,n.,มิวซิคเชิน,นักดนตรี
1,607,mustache,n.,มัสแทช,หนวด
1,608,nail,n.,เนล,ตะปู
1,609,name,n.,เนม,"ชื่อ, นาม"
1,610,napkin,n.,แนพคิน,ผ้าเช็ดปากและมือ
1,611,nationality,n.,แนชชะแนลลิที,สัญชาติ
1,612,navy,n.,เนฟวี่,ทหารเรือ
1,613,near,adv.,เนียร์,ใกล้
1,614,neck,n.,เนค,คอ
1,615,necklace,n.,เนคเลส,สร้อยคอ
1,616,necktie,n.,เนคไท,"เนคไท, ผ้าผูกคอ"
1,617,need,v.,นีด,"ต้องการ, จำเป็นต้อง"
1,618,nephew,n.,เนฟฟิว,หลานชาย
1,619,nest,n.,เนสทฺ,รังนก
1,620,net,n.,เนท,ตาข่าย
1,621,never,adv.,เนฟเวอะ,ไม่เคย
1,622,new,adj.,นิว,"รุ่นใหม่, ใหม่"
1,623,news,n.,นิวซฺ,ข่าว
1,624,newspaper,n.,นิวซฺเพเพอะ,หนังสือพิมพ์
1,625,next,adj.,เนกซทฺ,"ติดกัน, ถัดจากนั้น, ถัดไป"
1,626,nice,adj.,ไนซฺ,"ดีงาม, อ่อนโยน"
1,627,niece,n.,นีซ,หลานสาว
1,628,night,n.,ไนทฺ,กลางคืน
1,629,nobody,pron.,โนบอดี,ไม่มีใคร
1,630,noise,n.,นอยซฺ,เสียงรบกวน
1,631,noisy,adj.,นอยซี,อึกทึก
1,632,noodle,n.,นูดเดิล,"ก๋วยเตี๋ยว, บะหมี่"
1,633,normal,adj.,นอร์มอล,"ปกติ, ธรรมดา"
1,634,north,n.,นอร์ธ,ทิศเหนือ
1,635,nose,n.,โนส,จมูก
1,636,note,v.,โนท,"จดบันทึก, สังเกต"
1,637,notebook,n.,โนทบุค,สมุดบันทึก
1,638,nothing,n.,นัธธิง,ไม่มีอะไร
1,639,now,adv.,นาว,"เดี๋ยวนี้, บัดนี้, เวลานี้"
1,640,number,n.,นัมเบอะ,ตัวเลข
1,641,nursery,adj.,เนิร์ซเซอะรี,"ห้องหรือสถานที่เลี้ยงเด็ก, เรือนเพาะต้นไม้"
1,642,octopus,n.,ฮอคโทเพิส,ปลาหมึกยักษ์
1,643,often,adv.,ออฟเฟิน,"บ่อยๆ, มักจะ"
1,644,Oh!,interj.,โอ,คำแสดงความประหลาดใจ
1,645,oil,n.,ออยลฺ,น้ำมัน
1,646,okay,adv.,โอเค,"ใช้ได้, ตกลง"
1,647,old,adj.,โอลดฺ,"เก่า, ชรา, แก่"
1,648,olive,n.,โอลีฟ,มะกอก
1,649,once,adv.,วันซฺ,ครั้งหนึ่ง
1,650,onion,n.,อันเยิน,หัวหอม
1,651,only,adv.,โอนลี,เท่านั้น
1,652,open,v.,โอเพิน,เปิด
1,653,opinion,n.,โอพินเยิน,ข้อคิดเห็น
1,654,opposite,prep.,ออพโพสิท,ตรงกันข้าม
1,655,or,conj.,ออร์,"มิฉะนั้น, หรือ"
1,656,orange,n.,ออเรนจฺ,ส้ม
1,657,orchid,n.,ออร์คิด,กล้วยไม
1,658,order,n.,ออร์เดอะ,"แถว, ลำดับ"
1,659,ostrich,n.,ออสตริช,นกกระจอกเทศ
1,660,other,pron.,อัธเธอะ,"คนอื่นๆ, อีก, อื่นๆ"
1,661,outdoor,adj.,เอาทฺดอร์,"นอกบ้าน, กลางแจ้ง"
1,662,outside,adv.,เอาทฺไซดฺ,"ข้างนอก, ภายนอก"
1,663,oven,n.,อัฟเวิน,เตาอบ
1,664,over,prep.,โอเวอะ,"บน, เหนือ, เกิน, มากเกินไป, เหลือ"
1,665,own,adj.,โอน,"เป็นเจ้าของ, ด้วยตนเอง"
1,666,owner,n.,โอนเนอะ,เจ้าของ
1,667,oxygen,n.,ออฟซิเจน,ธาตุออกซิเจน
1,668,page,n.,เพจ,หน้าหนังสือ
1,669,paint,n.,เพนทฺ,สี
1,670,painting,n.,เพนทิ่ง,"การวาดภาพสี, การทาสี"
1,671,pajamas,n.,พาจาเมิส,ชุดนอน
1,672,pan,n.,แพน,กระทะ
1,673,panda,n.,แพนดา,หมีแพนด้า
1,674,pant,v.,แพนทฺ,หายใจหอบ
1,675,papaya,n.,พะพายะ,มะละกอ
1,676,paper,n.,เพเพอะ,กระดาษ
1,677,parents,n.,แพเรินทฺซฺ,พ่อแม่
1,678,Paris,n.,แพริส,เมืองปารีสเมืองหลวงของฝรั่งเศส
1,679,park,n.,พาร์ค,"สวนธรรมชาติ, อุทยาน, จอดรถ"
1,680,parking,n.,พาร์คคิง,"ที่จอดรถ, การจอดรถ"
1,681,parrot,n.,แพร์เริท,นกแก้ว
1,682,party,n.,พาร์ที,"พรรค, งานปาร์ตี้"
1,683,pass,v.,พาส,ผ่าน
1,684,passage,n.,พาสเสจ,"ทางผ่าน, ข้อความในหนังสือ, ค่าโดยสาร"
1,685,passenger,n.,พาสเซนเจอะ,ผู้โดยสาร
1,686,passport,n.,พาสปอร์ท,หนังสือเดินทาง
1,687,password,n.,พาสเวิร์ด,รหัสผ่าน
1,688,pasta,n.,พาสตา,"แป้งพาสต้า, อาหารอิตาลี"
1,689,pastime,n.,พาสไทม์,"งานอดิเรก, กิจกรรมฆ่าเวลา"
1,690,paw,n.,พอวฺ,อุ้งเทา
1,691,pay,v.,เพ,"จ่าย, ชำระค่าจ้าง,"
1,692,pea,n.,พี,ถั่ว
1,693,peach,n.,พีช,ลูกพีช
1,694,peak,n.,พีค,จุดที่สูงสุด
1,695,pear,n.,แพร์,ลูกแพร์
1,696,pencil,n.,เพนเซิล,ดินสอ
1,697,penguin,n.,เพนกวิน,นกเพนกวิน
1,698,people,n.,พีเพิล,"ประชาชน, ผู้คน"
1,699,pepper,n.,เพพเพอะ,พริกไทย
1,700,perform,v.,เพอฟอร์ม,"แสดงดนตรี, กระทำ, ปฏิบัติ"
1,701,person,n.,เพอเซิน,บุคคล
1,702,pet,n.,เพท,สัตวเลี้ยง
1,703,phone,n.,โฟน,โทรศัพท์
1,704,photo,n.,โฟโท,รูปภาพ
1,705,photograph,n.,โฟเทอะกราฟ,ภาพถ่าย
1,706,photographer,n.,เฟอะทอกราฟเฟอะ,ช่างภาพ
1,707,pick,v.,พิค,"เลือก, หยิบ"
1,708,picnic,n.,พิคนิค,"ปิกนิค, การนำอาหารไปรับประทานนอกบ้าน"
1,709,picture,n.,พิคเจอะ,รูปภาพ
1,710,pie,n.,พาย,ขนมพาย
1,711,pigeon,n.,พิจเจิน,นกพิราบ
1,712,pilot,n.,ไพเลิท,นักบิน
1,713,place,n.,เพลส,"สถานที่, บริเวณ"
1,714,plain,adj.,เพลน,"ชัดเจน, เรียบง่าย"
1,715,plan,n.,แพลน,"แบบแปลน, แผน"
1,716,planet,n.,แพลนเนท,ดาวเคราะห์
1,717,plant,n.,แพลนทฺ,พืช
1,718,plastic,n.,พลาสติก,พลาสติก
1,719,plate,n.,เพลท,จาน
1,720,play,v.,เพล,เล่น
1,721,player,n.,เพลเยอะ,ผู้เล่น
1,722,playful,adj.,เพลฟูล,"ร่าเริง, ขี้เล่น"
1,723,playground,n.,เพลกราวดฺ,สนามเด็กเล่น
1,724,please,v.,พลีส,ทำให้พอใจ
1,725,pocket,n.,พอคคิท,ถุง
1,726,point,n.,พอยทฺ,"ประเด็น, จุดสำคัญ"
1,727,polar bear,n.,โพลา แบร์,หมีขั้วโลก
1,728,police,n.,เพอะลิส,ตำรวจ
1,729,polite,adj.,เพอะไลท์,สุภาพ
1,730,pollution,n.,เพอะลูเชิน,มลภาวะ
1,731,pool,n.,พูล,"สระน้ำ, สระว่ายน้ำ"
1,732,poor,adv.,พัวร์,ยากจน
1,733,pop,n.,พอพ,เพลงป๊อป
1,734,popcorn,n.,พอพคอร์น,ข้าวโพดขั้ว
1,735,popular,adj.,พอพพิวละ,"เป็นที่นิยมของประชาชน, โด่งดัง"
1,736,pork,n.,พอร์ค,เนื้อหมู
1,737,possible,adj.,พอสสิเบิล,เป็นไปได้
1,738,poster,n.,โพสเทอะ,ใบโฆษณา
1,739,postman,n.,โพสทฺเมิน,บุรุษไปรษณีย์
1,740,pot,n.,พอท,หม้อ
1,741,pour,v.,พอร์,เท
1,742,practice,n.,แพรคทิซ,การปฏิบัติ
1,743,present,v.,พริเซนทฺ,นำเสนอ
1,744,pretty,adv.,พริทที,"น่ารัก, เก๋, สละสลวย"
1,745,price,n.,ไพรซฺ,ราคา
1,746,problem,n.,พรอบเบลม,ปัญหา
1,747,program,n.,โพรแกรม,รายการ
1,748,protect,v.,โพรเทคทฺ,ป้องกัน
1,749,pub,n.,พับ,"โรงเหล้า, ภัตตาคารเล็กๆ"
1,750,pudding,n.,พุดดิง,ขนมพุดดิ้ง
1,751,pumpkin,n.,พัมพฺคิน,ฟักทอง
1,752,purple,n.,เพอเพิล,สีม่วง
1,753,push,v.,พุช,"ผลัก, ดัน"
1,754,put,v.,พุท,"บรรจุ, วาง, เก็บ, ใส่"
1,755,pyramid,n.,พิรามิด,พีระมิด
1,756,queen,n.,ควีน,พระราชินี
1,757,question,n.,เควสเชิน,คำถาม
1,758,quiet,adj.,ไควอิท,เงียบ
1,759,quiz,n.,ควิซ,การสอบ
1,760,radio,n.,เรดิโอ,วิทยุ
1,761,railway,n.,เรลเว,ทางรถไฟ
1,762,raincoat,n.,เรนโคท,เสื้อกันฝน
1,763,rainy,adj.,เรนนี,ซึ่งมีฝนตก
1,764,rarely,adj.,แรร์ลี,นานๆครั้ง
1,765,read,v.,รีด,อ่าน
1,766,ready,adj.,เรดดี,มีความพร้อม
1,767,record,n.,เรคเคิด,บันทึก
1,768,red,adj.,เรด,แดง
1,769,refrigerator,n.,รีฟริจจะเรเทอะ,ตู้เย็น
1,770,relax,v.,รีแลกซฺ,ผ่อนคลาย
1,771,remember,v.,รีเมมเบอะ,จดจำ
1,772,repeat,v.,รีพีท,"พูดซ้ำ, ทำซ้ำ"
1,773,resort,n.,รีสอร์ท,"สถานที่พักตากอากาศ, รีสอร์ต"
1,774,restaurant,n.,เรสเตอรอนทฺ,"ร้านอาหาร, ภัตตาคาร"
1,775,return,v.,รีเทิร์น,"กลับ, คืน, ย้อน, ส่งคืน"
1,776,rhino,n.,ไรโน,แรด
1,777,rice,n.,ไรซฺ,ข้าว
1,778,rich,adj.,ริช,ร่ำรวย
1,779,ride,v.,ไรดฺ,ขี่
1,780,right,adj.,ไรทฺ,"เป็นธรรม, ถูกต้อง"
1,781,ring,n.,ริง,"แหวนสวมนิ้ว, ล้อ, ห่วง"
1,782,river,n.,ริเวอะ,แม่น้ำ
1,783,road,n.,โรดฺ,ถนน
1,784,rock,v.,รอค,"โยก, แกว่ง, เขย่า"
1,785,roof,n.,รูฟ,หลังคา
1,786,room,n.,รูม,ห้อง
1,787,roommate,n.,รูมเมท,เพื่อนร่วมห้อง
1,788,row,v.,โรวฺ,พาย
1,789,rude,adj.,รูด,หยาบคาย
1,790,rug,n.,รัก,พรม
1,791,rugby,n.,รักบี,กีฬารักบี้
1,792,run,v.,รัน,"วิ่ง, หนี"
1,793,running,v.,รันนิ่ง,"การแข่งขัน, การวิ่ง"
1,794,sad,adj.,แซด,เสียใจ
1,795,safe,adj.,เซฟ,"ตู้นิรภัย, ความปลอดภัย, พ้นภัย"
1,796,sale,n.,เซล,ขาย
1,797,salesman,n.,เซลซฺเมิน,พนักงานขาย
1,798,salmon,n.,ซาลเมิน,ปลาแซลมอน
1,799,salt,n.,ซอลทฺ,เกลือ
1,800,sand,n.,แซนดฺ,"ทราย, หาดทราย"
1,801,sauce,n.,ซอส,ซอสปรุงรส
1,802,say,v.,เซ,พูด
1,803,scan,v.,สแกน,ตรวจสอบ
1,804,scarf,v.,สการ์ฟ,ผ้าพันคอ
1,805,scary,adj.,สแกรี,น่ากลัว
1,806,science,n.,ไซเอินซฺ,วิทยาศาสตร์
1,807,scientist,n.,ไซเอินทิสทฺ,นักวิทยาศาสตร์
1,808,scissors,v.,ซิสเซอร์ซฺ,กรรไกร
1,809,Scotland,n.,สกอทเลินดฺ,ประเทศสกอตแลนด์
1,810,scout,n.,สเกาทฺ,"ลูกเสือ, เนตรนารี"
1,811,scream,v.,สกรีม,กรีดร้อง
1,812,seafood,n.,ซีฟูด,อาหารทะเล
1,813,seal,n.,ซีล,แมวน้ำ
1,814,season,n.,ซีเซิน,ฤดูกาล
1,815,seldom,adv.,เซลเดิม,"ไม่ค่อยจะ, แทบจะไม่"
1,816,select,v.,ซีเลคทฺ,เลือก
1,817,selfish,adj.,เซลฟิช,เห็นแก่ตัว
1,818,sell,v.,เซล,ขาย
1,819,send,v.,เซนดฺ,ส่ง
1,820,shake,v.,เชค,"เขย่า, สั่น"
1,821,shampoo,n.,แชมพู,แชมพู
1,822,shark,n.,ชาร์ค,ปลาฉลาม
1,823,sheep,n.,ซีพ,แกะ
1,824,shoe,n.,ซู,รองเท้า
1,825,shop,n.,ชอพ,ร้าน
1,826,shopper,n.,ชอพเพอะ,ลูกค้า
1,827,shopping,n.,ชอพพิง,การซื้อของตามห้างสรรพสินค้า
1,828,short,adj.,ชอร์ท,สั้น
1,829,shoulder,n.,โชวฺเดอะ,ไหล่
1,830,shout,v.,เชาทฺ,ตะโกน
1,831,show,v.,โชวฺ,"แสดงสินค้า, แสดง"
1,832,shower,n.,เชาเออะ,การอาบน้ำฝักบัว
1,833,shrimp,n.,ชริมพฺ,กุ้ง
1,834,shy,adj.,ชาย,ขี้อาย
1,835,sick,adj.,ซิค,ป่วย
1,836,since,prep.,ซินซฺ,"ตั้งแต่, ตั้งแต่นั้นมา"
1,837,sister,n.,ซิสเทอะ,"พี่สาว, น้องสาว"
1,838,sister-in-law,n.,ซิสเทอะ อิน ลอวฺ,น้องสะใภ้
1,839,situation,n.,ซิทชูเอเชิน,สถานการณ์
1,840,size,n.,ไซซฺ,ขนาด
1,841,skate,n.,สเกท,รองเท้าสเกต
1,842,skin,n.,สกิน,ผิวหนัง
1,843,skirt,n.,สเกิร์ท,กระโปรง
1,844,sky,n.,สกาย,ท้องฟ้า
1,845,sleep,v.,สลีพ,นอน
1,846,sleepy,adj.,สลีพพี,"ขี้เซา, ง่วง, อย่างง่วงนอน"
1,847,slice,v.,สไลซฺ,"แล่, เฉือนเป็นแผ่นบางๆ"
1,848,slide,v.,สไลดฺ,"ลื่น, ลื่นไถล"
1,849,slim,adj.,สลิม,ผอมบาง
1,850,smart,adj.,สมาร์ท,"ผึ่งผาย, ฉลาด"
1,851,smile,v.,สมายลฺ,"รอยยิ้ม, ยิ้ม"
1,852,smoke,n.,สโมค,ควันไฟหรือบุหรี่
1,853,snack,n.,สแนค,อาหารว่าง
1,854,snail,n.,สเนล,หอยโข่ง / หอยทาก
1,855,snake,n.,สเนค,"งู, งูพิษ, บุคคลทรยศ"
1,856,sneaker,n.,สนีคเกอะ,รองเท้ากีฬาเป็นรองเท้าผ้าใบพื้นบาง
1,857,soap,n.,โซพ,สบู่
1,858,soccer,n.,ซอคเคอะ,กีฬาฟุตบอล
1,859,sock,n.,ซอค,ถุงเท้า
1,860,soda,n.,โซดา,โซดาคือน้ำอัดด้วยก๊าซคาร์บอนไดอ็อกไซด์
1,861,soft,adj.,ซอฟทฺ,อ่อนโยน
1,862,soldier,n.,โซลเจอะ,ทหาร
1,863,some,pron.,ซัม,"บ้าง, บาง (สิ่ง/คน)"
1,864,soon,adv.,ซูน,"ไม่นาน, ในไม่ช้า"
1,865,sorry,adj.,ซอร์รี,เสียใจ
1,866,sound,n.,ซาวนดฺ,เสียง
1,867,soup,n.,ซุพ,น้ำแกง
1,868,south,n.,เซาทฺ,ทิศใต้
1,869,space,n.,สเปส,อวกาศ
1,870,Spanish,adj.,สแปนิช,ชาวสเปน
1,871,speak,v.,สปีค,"พูด, คุย, กล่าว"
1,872,spell,v.,สเปล,"สะกด, ร่ายมนต์คาถา"
1,873,spelling,n.,สเปลลิง,"ตัวสะกด, การสะกด"
1,874,spend,v.,สเปนดฺ,"จ่ายเงิน, ใช้เงิน"
1,875,spicy,adj.,สไปซี,รสเผ็ดร้อน
1,876,spider,n.,สไปเดอะ,แมงมุม
1,877,sport,n.,สปอร์ท,กีฬา
1,878,spring,n.,สปริง,ฤดูใบไม้ผลิ
1,879,standard,n.,สแตนดาร์ด,มาตรฐาน
1,880,start,v.,สตาร์ท,"เริ่ม, ตั้งต้น"
1,881,stay,v.,สเต,อยู่
1,882,stepfather,n.,สเตพฟาเธอะ,พ่อเลี้ยง
1,883,stepmother,n.,สเตพมาเธอะ,แม่เลี้ยง
1,884,stomach,n.,สตัมมัค,ท้อง
1,885,stop,v.,สตอพ,หยุด
1,886,store,n.,สตอร์,"ร้านค้า, สินค้า, โกดัง"
1,887,story,n.,สตอรี,เรื่องราว
1,888,straight,adj.,สเตรท,ตรง
1,889,strawberry,n.,สตรอเบอรี่,สตรอเบอรี่
1,890,street,n.,สตรีท,ถนน
1,891,strong,adj.,สตรอง,"แข็งแรง, มีกำลัง, เข้มข้น"
1,892,student,n.,สตูวเดินทฺ,นักเรียน
1,893,studio,n.,สตูดิโอ,"โรงถ่ายทำภาพยนตร์, ห้องกระจายเสียง"
1,894,study,v.,สตัดดี,เรียน
1,895,subject,n.,ซับเจคทฺ,"เรื่อง, วิชา"
1,896,sugar,n.,ชูกะ,น้ำตาล
1,897,summer,n.,ซัมเมอะ,ฤดูร้อน
1,898,sunglasses,n.,ซันกลาสซิส,แว่นตากันแดด
1,899,super,n.,ซุพเพอะ,"ดีเยี่ยม, เกินปกติ, เป็นพิเศษ"
1,900,supermarket,n.,ซุพเพอะมาร์เกท,ห้างสรรพสินค้า
1,901,superstar,n.,ซูพเพอะสตาร์,"นักแสดง, หรือนักร้องที่มีชื่อเสียงโด่งดัง"
1,902,surname,n.,เซอเนม,นามสกุล
1,903,surprised,adj.,เซอไรซทฺ,"รู้สึกประหลาดใจ, สะดุ้ง"
1,904,sushi,n.,ซูชิ,"ข้าวห่อสาหร่าย, ข้าวปั้น"
1,905,sweater,n.,สเวทเทอะ,"เสื้อที่ถักด้วยขนสัตว, เสื้อกันหนาว"
1,906,sweet,adj.,สวีท,หวาน
1,907,swim,v.,สวิม,ว่ายน้ำ
1,908,syllable,n.,ซิลละเบิล,พยางค์
1,909,table,n.,เทเบิล,โต๊ะ
1,910,tablespoon,n.,เทเบิลสปูน,ช้อนโต๊ะ
1,911,take,v.,เทค,"เอา, เอาไป, จับ, ยึด"
1,912,talk,v.,ทอลค,"พูด, คุย"
1,913,talk to,v.,ทอลค ทู,พูดกับ
1,914,talkative,adj.,ทอลคกะทีฟ,ช่างพูด
1,915,tall,adj.,ทอล,สูง
1,916,tasty,adj.,เทสตี,"อร่อย, ซึ่งมีรสนิยมดี"
1,917,teach,v.,ทีช,"สอน, สอนหนังสือ"
1,918,teacher,n.,ทีชเชอะ,ครู
1,919,team,n.,ทีม,กลุ่ม
1,920,teaspoon,n.,ทีสปูน,ช้อนชา
1,921,teeth,n.,ทีธ,ฟัน
1,922,temple,n.,เทมเพิล,วัดวาอาราม
1,923,tense,adj.,เทนซฺ,"ตึง, เครียด"
1,924,tent,n.,เทนทฺ,เต็นท์
1,925,test,n.,เทสทฺ,การทดสอบ
1,926,text,n.,เทกซฺ,"ใจความ, ตำรา"
1,927,theater,n.,เธียเทอะ,โรงละคร
1,928,thick,adj.,ธิค,หนาแน่น
1,929,thief,n.,ธีฟ,หัวขโมย
1,930,thin,adj.,ธิน,"บางผอม, น้อย"
1,931,thing,n.,ธิง,สิ่งของ
1,932,think,v.,ธิงคฺ,คิด
1,933,thirsty,adj.,เธิร์สตี,กระหายน้ำ
1,934,throw,v.,โธรว,"ขว้าง, ปา, โยน"
1,935,tick,n.,ทิค,"เสียงดังติ๊กๆของนาฬิกา, เครื่องหมายขีด"
1,936,ticket,n.,ทิคเคท,ตั๋ว
1,937,tie,n.,ไท,"เนคไท, เชือก, คะแนนเสมอกัน"
1,938,tiger,n.,ไทเกอะ,เสือ
1,939,time,n.,ไทมฺ,"เวลา, กาลเวลา"
1,940,timetable,n.,ไทมฺเทเบิล,ตารางเวลา
1,941,tired,adj.,ไทเอด,รู้สึกเหนื่อย
1,942,title,n.,ไทเทิล,"ยศ, ตำแหน่ง, ชื่อเรื่อง"
1,943,today,adv.,ทะเด,"ทุกวันนี้, ในวันนี้, วันนี้"
1,944,tomato,n.,ทะเมโท,มะเขือเทศ
1,945,tomorrow,adv.,ทูมอโร,พรุ่งนี้
1,946,too,adv.,ทู,"ด้วยเช่นกัน, เกินไป"
1,947,tool,n.,ทูลฺ,"เครื่องมือ, อุปกรณ์"
1,948,toothache,n.,ทูธเธค,อาการปวดฟัน
1,949,toothbrush,n.,ทูธบรัช,แปรงสีฟัน
1,950,toothpaste,n.,ทูธเพสทฺ,ยาสีฟัน
1,951,top,n.,ทอพ,ส่วนบน
1,952,touch,v.,ทัช,สัมผัส
1,953,tour,n.,ทัวร์,การท่องเที่ยว
1,954,tourist,n.,ทัวริสทฺ,นักท่องเที่ยว
1,955,towel,n.,ทาวเอิล,"ผ้าขนหนู, ผ้าเช็ดจานชาม"
1,956,town,n.,ทาวนฺ,เมือง
1,957,toy,n.,ทอย,ของเล่น
1,958,traffic,n.,ทราฟฟิค,การจราจร
1,959,traffic light,n.,ทราฟฟิค ไลทฺ,สัญญาณไฟจราจร
1,960,train,n.,เทรน,"รถไฟ, ฝึก, อบรม"
1,961,trainer,n.,เทรนเนอะ,"ผู้ฝึก, รองเท้าผ้าใบ"
1,962,travel,n.,ทราเวิล,"การท่องเที่ยว, เดินทาง"
1,963,trousers,n.,เทราเซอะซฺ,กางเกงขายาว
1,964,truck,n.,ทรัค,รถบรรทุก
1,965,try,v.,ทราย,"พยายาม, ลอง, ชิม"
1,966,t-shirt,n.,ที เชิร์ท,เสื้อยืดคอกลม
1,967,Turkey,n.,เทอร์คี,ประเทศตุรกี
1,968,turn,v.,เทิร์น,"เลี้ยว, กลายเป็น"
1,969,turn on,v.,เทิร์นออน,เปิด
1,970,turn up,v.,เทิร์นอัพ,เพิ่ม
1,971,tutor,n.,ทิวเทอะ,"พี่เลี้ยง, ครูสอนพิเศษ"
1,972,twice,adv.,ทไวซฺ,2 ครั้ง
1,973,twin,n.,ทวิน,"สิ่งที่เป็นคู่, ฝาแฝด"
1,974,ugly,adj.,อักลี่,น่าเกลียด
1,975,umbrella,n.,อัมเบรลละ,ร่ม
1,976,uncle,n.,อังเคิล,"ลุง, อาชาย, น้าชาย"
1,977,under,prep.,อันเดอะ,"ต่ำกว่า, ใต้"
1,978,understand,v.,อันเดอะสแตนดฺ,เข้าใจ
1,979,underwear,n.,อันเดอะวอเทอะ,ชุดชั้นใน
1,980,university,n.,ยูนิเวอร์ซิที,มหาวิทยาลัย
1,981,use,v.,ยูส,"ใช้, ใช้สอย"
1,982,Valentines Day,n.,วาเลนไทนฺซฺ เด,วันแห่งความรัก
1,983,vegetable,n.,เวจทะเบิล,"ผัก, พืชผัก"
1,984,vehicle,n.,วีฮิเคิล,พาหนะ
1,985,video,n.,เรดิโอ,วีดีโอ
1,986,vinegar,n.,วินนะเกอะ,น้ำส้มสายชู
1,987,visit,v.,วิซิท,ไปเยี่ยมเยียน
1,988,vocabulary,n.,โวแคบบิวเลอรี,คำศัพท์
1,989,voice,n.,วอยซฺ,"เสียงพูด, เสียงร้อง, ออกเสียง"
1,990,volcano,n.,วอลเคโน,ภูเขาไฟ
1,991,volleyball,n.,วอลลีบอล,กีฬาวอลเลย์บอล
1,992,vowel,n.,วาวเอิล,สระ
1,993,wait,v.,เวท,"คอย, รอ"
1,994,waiter,n.,เวทเทอะ,"บริกร, พนักงานเสิร์ฟ"
1,995,walk,v.,วอล์ค,เดิน
1,996,wall,n.,วอล,"ผนัง, กำแพง"
1,997,wallet,n.,วอลลิท,กระเป๋าสตางค์
1,998,want,v.,วอนทฺ,ต้องการ
1,999,war,n.,วอร์,สงคราม
1,1000,warm,adj.,วอร์ม,อบอุ่น
1,1001,wash,v.,วอช,"ล้าง, สระผม, ซักผ้า"
1,1002,watch,n.,วอทชฺ,นาฬิกาข้อมือ
1,1003,water,n.,วอเทอะ,น้ำ
1,1004,waterfall,n.,วอเทอะฟอล,น้ำตก
1,1005,watermelon,n.,วอเทอะเมเลิน,แตงโม
1,1006,way,n.,เว,"ทาง, ระยะทาง, วิธี, หนทาง"
1,1007,wear,v.,แวร์,สวมใส่
1,1008,weather,n.,เวธเธอะ,สภาพอากาศ
1,1009,website,n.,เวบไซทฺ,เว็บไซต์
1,1010,week,n.,วีค,สัปดาห์
1,1011,weekend,n.,วีคเคนดฺ,วันสุดสัปดาห์
1,1012,welcome,n.,เวลคัม,ยินดีต้อนรับ
1,1013,west,n.,เวสทฺ,ตะวันตก
1,1014,whale,n.,เวล,ปลาวาฬ
1,1015,what,pron.,วอท,"อะไร, สิ่งใดๆ"
1,1016,when,pron.,เวน,"ขณะที่, ในเมื่อ, เมื่อ, ครั้น"
1,1017,which,pron.,วิช,"อันไหน, สิ่งไหน, คนไหน"
1,1018,who,pron.,ฮู,ใคร
1,1019,whose,adj.,ฮูส,ของใคร
1,1020,why,adv.,วาย,ทำไม
1,1021,wife,n.,ไวฟฺ,ภรรยา
1,1022,win,v.,วิน,ชนะ
1,1023,wind,n.,วินดฺ,ลม
1,1024,window,n.,วินโดวฺ,หน้าต่าง
1,1025,wine,n.,ไวนฺ,เหล้าองุ่น
1,1026,wing,n.,วิง,"ปีก, ปีกเครื่องบิน"
1,1027,winter,n.,วินเทอะ,"ฤดูหนาว, หนาว"
1,1028,woman,n.,วูเมิน,ผู้หญิง
1,1029,wonderful,adj.,วันเดอะฟูล,ดีเยี่ยม
1,1030,wood,n.,วูด,"ป่าไม้, เนื้อไม้"
1,1031,work,n.,เวิร์ค,งาน
1,1032,worker,n.,เวิร์คเคอะ,คนงาน
1,1033,world,n.,เวิร์ลดฺ,โลก
1,1034,worry,v.,วอรรี่,"กวนใจ, รบกวน, รังควาน"
1,1035,worse,adj.,เวิร์ส,แย่ลง
1,1036,wow!,interj.,วาว,ทำอุทานแสดงความประหลาดใจหรือยินดี
1,1037,write,v.,ไวรทฺ,เขียน
1,1038,wrong,adj.,วรอง,ผิด
1,1039,year,n.,เยียร์,"ปี, อายุ"
1,1040,yellow,adj.,เยลโลว,สีเหลือง
1,1041,yesterday,n.,เยสเทอะเด,เมื่อวานนี้
1,1042,young,adj.,ยัง,"เด็ก, เยาว์, หนุ่ม, อ่อน"
1,1043,zebra,n.,ซีบระ,ม้าลาย
2,1,above,adv.,อะบัฟ,"เหนือ, เกิน, พ้น, บน"
2,2,accident,n.,แอคซิเดินทฺ,อุบัติเหตุ
2,3,across,prep.,อะครอส,"ขวาง, ข้าม, ตามขวาง, ผ่านข้าม"
2,4,act out,v.,แอคทฺเอาทฺ,แสดงท่าทาง
2,5,acting,adj.,แอคทิง,"รักษาการ, ว่าที่"
2,6,advertise,v.,แอดเวอไทซฺ,โฆษณา
2,7,advise,v.,แอดไวซฺ,แนะนำ
2,8,adviser,n.,แอดไวเซอะ,ที่ปรึกษา
2,9,afford,v.,อะฟอร์ด,"มีกำลังซื้อ, สามารถมีได้"
2,10,again,adv.,อะเกน,"อีก, อีกที"
2,11,agency,n.,เอเจนซี,"บริษัทตัวแทน, สำนักงานตัวแทน"
2,12,agent,n.,เอเจินทฺ,"ตัวแทน, ผู้แทน"
2,13,album,n.,อัลเบิม,สมุดสะสมรูปภาพ
2,14,alert,adj.,อะเลิร์ท,ตื่นตัว
2,15,alien,n.,เอเลียน,คนต่างดาว
2,16,allow,v.,อะเลา,อนุญาต
2,17,along,prep.,อะลอง,ตาม (ถนน)
2,18,already,adv.,ออลเรดดี,เรียบร้อยแล้ว
2,19,also,conj.,ออลโซ,อีกด้วย
2,20,although,conj.,ออลโธ,แม้ว่า
2,21,amusing,adj.,อะมิวซิง,"น่าเพลิดเพลิน, ขบขัน"
2,22,anchovy,n.,แอนโชวี,ปลาแอนโชวี่
2,23,ancient,adj.,แอนเชินทฺ,"เก่าแก่, โบราณกาล"
2,24,announce,v.,อะเนาวซฺ,ประกาศ
2,25,annoy,v.,อะนอย,"ก่อกวน, ทำให้รำคาญ"
2,26,another,adj.,อะนาเธอะ,"อื่นๆ, อย่างอื่น"
2,27,anymore,adv.,เอนนิมอร์,อีกต่อไป
2,28,anyone,pron.,เอนนิวัน,"ใคร, คนใดคนหนึ่ง"
2,29,anything,pron.,เอนนิธิง,"อะไรบ้าง, สิ่งใดบ้าง, สิ่งใดก็ตาม"
2,30,apology,n.,อะพอลโลจี,"คำขอโทษ, การขอโทษ"
2,31,appear,v.,อะเพียร์,ปรากฏ
2,32,apply,v.,อะไพล,"สมัคร, ทา, ประยุกต์ใช้"
2,33,archaeologist,n.,อาร์คิออเลอะจิสทฺ,นักโบราณคดี
2,34,archery,n.,อาร์เชอรี,การยิงธนู
2,35,area,n.,แอเรีย,"พื้นที่, เนื้อที่"
2,36,around,prep.,อะราวนดฺ,"รอบ, อยู่รอบ"
2,37,arrest,v.,อะเรสทฺ,จับกุม
2,38,art,n.,อาร์ท,ศิลปะ
2,39,article,n.,อาร์ทิเคิล,"สิ่งของ, บทความ"
2,40,assign,v.,แอสไซนฺ,"กำหนด, มอบหมาย"
2,41,assistant,n.,อะซิสเทินทฺ,ผู้ช่วย
2,42,astrologer,n.,แอสตรอลโลเจอะ,นักโหราศาสตร์
2,43,atmosphere,n.,แอทเมิสเฟียร์,บรรยากาศ
2,44,attack,v.,อะแทค,โจมตี
2,45,attitude,n.,แอททิทูด,ทัศนคติ
2,46,attract,v.,อะแทรคทฺ,ดึงดูดใจ
2,47,attractive,adj.,อะแทรคทิฟ,"มีเสน่ห์, มีแรงดึงดูด"
2,48,audience,n.,ออเดียนซฺ,"ผู้ชม, ผู้ฟัง"
2,49,automobile,n.,ออโทโมบิล,รถยนต์
2,50,average,n.,แอฟเวอะเรจ,ค่าเฉลี่ย
2,51,award,n.,อะวอร์ด,รางวัล
2,52,awesome,adj.,ออซัม,"ดี, เยี่ยม"
2,53,babysitter,n.,เบบีซิทเทอะ,พี่เลี้ยงเด็ก
2,54,bacteria,n.,แบคทีเรีย,แบคทีเรีย
2,55,baggage,n.,แบกเกจ,กระเป๋าสัมภาระ
2,56,balcony,n.,แบลคะนี,ระเบียง
2,57,bald,adj.,บาลดฺ,"ล้าน, โล่ง"
2,58,bang,n.,แบง,"การชน, การกระทบอย่างแรง"
2,59,bar,n.,บาร์,จุดจำหน่ายอาหารและเครื่องดื่ม
2,60,barley,n.,บาร์ลี,ข้าวบาร์เลย์
2,61,battle,n.,แบทเทิล,การต่อสู
2,62,beat,v.,บีท,"ตี, ตบ"
2,63,beauty salon,n.,บิวทิ ซาลอน,ร้านเสริมสวย
2,64,become,v.,บีคัม,กลายเป็น
2,65,beep,v.,บีพ,"กดแตรดังปีบ, เสียงปีบ"
2,66,before,prep.,บิฟอร์,"ก่อน, ข้างหน้า"
2,67,beginner,n.,บิวทิ ซาลอน,ผู้ที่พึ่งจะเริ่มต้นทำสิ่งใดสิ่งหนึ่ง
2,68,beginning,n.,บิกินนิ่ง,การเริ่มต้น
2,69,beige,n.,เบจ,"สีน้ำตาลอ่อน, สีเทาอ่อน"
2,70,believe,v.,บีลีฟ,"เชื่อ, เชื่อถือ"
2,71,belly,n.,เบลลี,"ช่องท้อง, ท้อง"
2,72,belong to,v.,บิลอง ทู,"เป็นของ, เป็นส่วนหนึ่งของ"
2,73,below,prep.,บิโล,"อยู่ข้างล่าง, อยู่ตอนใต้"
2,74,bench,n.,เบนชฺ,ม้านั่ง
2,75,beside,prep.,บิไซดฺ,"อยู่ข้าง, นอกจาก"
2,76,billion,n.,บิลเยิน,"หนึ่งพันล้าน (USA), หนึ่งล้านล้าน (Eng)"
2,77,biography,n.,ไบออกกระฟี,ชีวประวัติ
2,78,bitter,adj.,บิทเทอะ,"ขม, ขมขื่น"
2,79,blade,n.,เบลด,ใบมีด
2,80,blame,v.,เบลม,"กล่าวโทษ, กล่าวหา"
2,81,bland,adj.,แบลนดฺ,นิ่มนวล
2,82,blank,adj.,แบลงคฺ,"ว่าง, ว่างเปล่า"
2,83,body language,n.,บอดีแลงเกว็จ,"ภาษาร่างกาย, ภาษาท่าทาง"
2,84,booking,n.,บุคคิง,การจอง
2,85,boomerang,n.,บูมเมอะแรง,บูมเมอแรง
2,86,booth,n.,บูธ,ร้านขายของแผงลอย
2,87,bore,v.,บอร์,ทำให้น่าเบื่อ
2,88,both,adj.,โบธ,"ทั้งสอง, ทั้งคู่"
2,89,bother,v.,บอธเธอะ,"รบกวน, ทำให้วุ่นวาย"
2,90,bounce,v.,เบาซฺ,"เด้ง, กระโดด"
2,91,bow,v.,บาว,โค้งคำนับ
2,92,bracelet,n.,เบรซเลท,"กำไลมือ, กุญแจมือ"
2,93,brave,adj.,เบรฟ,"กล้าหาญ, อดทน, ฝ่าผจญ"
2,94,breath,n.,เบรธ,ลมหายใจ
2,95,breathing,n.,บรีธธิง,การหายใจ
2,96,breed,v.,บรีด,ผสมพันธุ์
2,97,breeze,n.,บรีซ,ลมอ่อนๆ
2,98,bride,n.,ไบรดฺ,เจ้าสาว
2,99,brief,adj.,บรีฟ,"ชั่วคราว, รวบรัด"
2,100,briefcase,n.,บรีฟเคส,กระเป๋าใส่เอกสาร
2,101,bright,adj.,ไบรทฺ,"แจ่มใส, ฉลาด, สดใส, สว่าง"
2,102,brilliant,adj.,บริลเยินทฺ,"ฉลาดมาก, โชติช่วง"
2,103,bring,v.,บริง,นำมา
2,104,brochure,n.,โบรชัวร์,แผ่นพับสำหรับโฆษณา
2,105,brooch,n.,บรูช,เข็มกลัด
2,106,budget,n.,บัดเจท,งบประมาณ
2,107,buffet,n.,บัฟเฟ,อาหารที่ต้องบริการตัวเอง
2,108,building,n.,บิวดิง,"ตึก, สิ่งก่อสร้าง"
2,109,business card,n.,บิซซิเนส คาร์ด,นามบัตร
2,110,cafeteria,n.,แคฟฟิเทอเรีย,โรงอาหารที่ต้องบริการตัวเอง
2,111,caller,n.,คอลเลอะ,ผู้โทร
2,112,calm,adj.,คาล์ม,สงบ
2,113,camping,n.,แคมพิ่ง,การเข้าค่าย
2,114,cane,n.,เคน,ไม้เท้า
2,115,canoe,n.,คะนู,เรือแคนนู
2,116,canvas,n.,แคนเวิส,"ใบเรือ, ผ้าใบ"
2,117,Capricorn,n.,แคพริคอร์น,ราศีมังกร
2,118,caravan,n.,แคระวาน,"รถนอน, ขบวนอูฐหรือยานพาหนะ"
2,119,career,n.,คะเรียร์,"งาน, อาชีพ"
2,120,carriage,n.,แคร์ริอิจ,รถม้าสี่ล้อ
2,121,carsick,adj.,คาร์ซิค,เมารถ
2,122,carve,v.,คาร์ฟ,แกะสลัก
2,123,carving,n.,คาร์ฟวิง,"การแกะสลัก, งานแกะสลัก"
2,124,cash machine,n.,แคช มะชีน,เครื่องกดเงินสด
2,125,cassette,n.,คะเซท,ตลับเทป
2,126,cast,v.,แคสทฺ,"เลือกคนแสดง, กำหนด"
2,127,castle,n.,แคสเซิล,ปราสาท
2,128,casual,adj.,แคสชวล,"โดยบังเอิญ, ไม่เป็นทางการ"
2,129,catch,v.,แคทชฺ,"จับ, จับได้, จับประเด็น"
2,130,cause,n.,คอส,สาเหตุ
2,131,cave,n.,เคฟ,"ถ้ำ, โพรง, อุโมงค์"
2,132,caviar,n.,คาฟเวียร์,ไข่ปลาคาเวียร์ได้มาจากปลาสเตอเจียน
2,133,celebrate,v.,เซลละเบรท,เฉลิมฉลอง
2,134,celebration,n.,เซลละเบรเชิน,การเฉลิมฉลอง
2,135,celebrity,n.,ซะเลบบริที,บุคคลที่มีชื่อเสียง
2,136,central,adj.,เซนทรัล,ซึ่งเป็นศูนย์กลาง
2,137,century,n.,เซนซิวรี,ศตวรรษ
2,138,chain,n.,เชน,"เครื่องผูกมัด, โซ่"
2,139,channel,n.,แชลเนิล,ช่องสัญญาณของโทรทัศน์/วิทยุ
2,140,chase,v.,เชส,ไล่ตาม
2,141,chauffeur,n.,โชฟเฟอะ,คนขับรถแท็กซี่
2,142,check in,v.,เชค อิน,ลงทะเบียนเข้าพักในโรงแรม
2,143,check out,v.,เชค เอาทฺ,"แจ้งออก, แจ้งออกจากโรงแรม"
2,144,cheer up,v.,เชียร์ อัพ,ให้กำลังใจ
2,145,chew,v.,ชูว,เคี้ยว
2,146,choice,n.,ชอยซฺ,ตัวเลือก
2,147,choose,v.,ชูส,เลือก
2,148,chore,n.,ชอร์,งานเล็กๆน้อยๆในบ้าน
2,149,chorus,n.,คอรัส,คณะขับร้องหมู
2,150,cigarette,n.,ซิกาเรท,บุหรี่
2,151,citizen,n.,ซิททิเซิน,พลเมือง
2,152,classical,adj.,คลาสสิเคิล,ที่เป็นแบบดั้งเดิม
2,153,classical music,n.,คลาสสิเคิล มิวสิค,เพลงคลาสสิก
2,154,clay,n.,เคลย์,"ดินเหนียว, โคลน"
2,155,client,n.,ไคลเอินทฺ,ลูกค้า
2,156,climate,n.,ไคลเมท,ภูมิอากาศ
2,157,clown,n.,คลาวนฺ,ตัวตลก
2,158,clue,n.,คลู,"เงื่อนงำ, เบาะแส, ร่องรอย"
2,159,coal,n.,โคลฺ,ถ่านหิน
2,160,coast,n.,โคสทฺ,ชายฝั่ง
2,161,coastline,n.,โคสทฺไลนฺ,แนวชายฝงทะเล
2,162,code,n.,โคด,"รหัส, เครื่องหมาย"
2,163,collar,n.,คอลละ,ปลอกคอ
2,164,collect,v.,คะเรคทฺ,สะสม
2,165,colorful,adj.,คัลเลอะเฟิล,มีสีสรรค์
2,166,column,n.,คอลลัมนฺ,แถว
2,167,combat,v.,คัมแบท,"สู้, สู้รบ"
2,168,come along,v.,คัม อะลอง,มาด้วยกัน
2,169,come out,v.,คัม เอาทฺ,"ปรากฏให้เห็น, เป็นที่รู้จัก"
2,170,comedy,n.,คอมมีดี,ละครตลก
2,171,common,adj.,คอมเมิน,"ธรรมดา, สามัญ"
2,172,communication,n.,คะมิวนิเคเชิน,การติดต่อสื่อสาร
2,173,compare,v.,คัมแพร์,เปรียบเทียบ
2,174,concept,n.,คอนเซพทฺ,"ความคิดรวบยอด, กรอบความคิด"
2,175,conclusion,n.,คันคลูเชิน,การสรุป
2,176,condition,n.,คันดิชเชิน,"เงื่อนไข, สภาวะ"
2,177,confidence,n.,คอนฟิเดินทฺ,ความมั่นใจ
2,178,confuse,v.,คันฟิวซฺ,"ทำให้สับสน, ทำให้งง"
2,179,congratulations,n.,คันแกรทชูเลเชินซฺ,การแสดงความยินดี
2,180,connect,v.,คะเนคทฺ,"เชื่อมกับ, เกี่ยวข้อง"
2,181,connection,n.,คะเนตทฺเชิน,การเชื่อมต่อ
2,182,contain,v.,คันเทน,"บรรจุ, ประกอบด้วย"
2,183,container,n.,คันเทเนอะ,ตู้บรรจุสินค้า
2,184,contest,n.,คอนเทสทฺ,"การแข่งขัน, การประกวด"
2,185,continent,n.,คอนทะเนินทฺ,ทวีป
2,186,contract,n.,คอนแทรคทฺ,"สัญญา, ข้อตกลง"
2,187,contrast,n.,คอนแทรสทฺ,"ความตรงข้าม, ความผิดแผก"
2,188,correctly,adv.,คะเรคฺลี,อย่างถูกต้อง
2,189,corridor,n.,คอริดอร์,ระเบียง
2,190,cosmetic,n.,คอสเมททิค,เครื่องสำอาง
2,191,countable,adj.,เคาทะเบิล,ที่สามารถนับได้
2,192,counter,n.,เคาเทอะ,เคาน์เตอร์
2,193,countryside,n.,คันทรีไซดฺ,ชนบท
2,194,course,n.,คอร์ส,หลักสูตร
2,195,cover,v.,คัฟเวอร์,"ปกคลุม, ครอบคลุม"
2,196,craft,n.,คราฟทฺ,งานหัตถกรรม
2,197,crash,v.,แครช,"ชน, ปะทะ"
2,198,creamy,adj.,ครีมมี,ที่เป็นครีม
2,199,creative,adj.,ครีเอทีฟ,ซึ่งมีความคิดที่สร้างสรรค์
2,200,crispy,adj.,คริสพี,"เปราะ, กรอบ"
2,201,crop,n.,ครอพ,"พืชผล, ธัญพืช"
2,202,cross,n.,ครอส,รูปกากบาท
2,203,crossing,n.,ครอสซิง,จุดตัดกัน
2,204,cross-over,n.,ครอส โอเวอะ,"การข้าม, สะพาน"
2,205,crowded,adj.,เคราดิด,"แออัด, เบียดเสียดยัดเยียด"
2,206,cruise,n.,ครุยซฺ,เรือนำเที่ยว
2,207,crush,v.,ครัช,"ชน, ขยี้, ทำลาย"
2,208,crystal,n.,คริสเทิล,"คริสตัล, ผลึก, สารผลึก"
2,209,cub,n.,คับ,ลูกสัตว์
2,210,cue,n.,คิว,"การบอกเป็นนัย, ไม้คิว"
2,211,curve,adj.,เคิร์ฟ,"โค้ง, เว้า"
2,212,customer,n.,คัสเติมเมอะ,ลูกค้า
2,213,cut out,v.,คัท เอาทฺ,"ตัดออก, ปลดออก, เลิกหยุด"
2,214,cut up,v.,คัท อัพ,ตัดเป็นชิ้นเล็กชิ้นน้อย
2,215,daily,adj.,เดลิ,"ทุกวัน, ประจำวัน"
2,216,damage,n.,แดมมิจ,ความเสียหาย
2,217,decide,v.,ดิไซดฺ,"ตกลงใจ, ตัดสินใจ"
2,218,decision,n.,ดิซิสเชิน,"การพิจารณา, การตัดสินใจ"
2,219,decorate,v.,เดคคะเรท,ประดับ
2,220,decoration,n.,เดคคะเรเชิน,"การตกแต่ง, เครื่องตกแต่ง"
2,221,decrease,v.,ดีครีส,"ทำให้ลดลง, ทำให้สั้นเข้า"
2,222,degree,n.,ดีกรี,"ความเข้มข้น, ระดับ, องศา"
2,223,delay,n.,ดีเล,ความชักช้า
2,224,denim,n.,เดนิม,ผ้าฝ้ายหยาบสีน้ำเงิน
2,225,detail,n.,ดีเทล,รายละเอียด
2,226,detective,n.,ดิเทคทิฟ,นักสืบ
2,227,develop,v.,ดิเวลเลิพ,พัฒนา
2,228,dialogue,n.,ไดอะลอก,"บทสนทนา, การสนทนา"
2,229,dictation,n.,ดอกเทเชิน,"การบอกให้เขียนตามคำบอก, การบงการ"
2,230,die out,v.,ได เอาทฺ,"สูญพันธุ์, หายสาบสูญไป"
2,231,diet,n.,ไดเอท,"อาหาร, การควบคุมอาหาร"
2,232,difference,adj.,ดิฟเฟอเรินซฺ,ความแตกต่าง
2,233,diligent,adj.,ดิลิเจินทฺ,"ขยันหมั่นเพียร, บากบั่น"
2,234,diploma,n.,ดิโพลมะ,ประกาศนียบัตร
2,235,director,n.,ดิเรคเทอะ,"ผู้อำนวยการ, ผู้กำกับการแสดง"
2,236,disagree,v.,ดิสอะกรี,"ไม่เห็นด้วย, โต้แย้ง"
2,237,disappear,v.,ดิสอะเพียร์,"หายตัว, สูญหาย"
2,238,disappoint,v.,ดิสอะพอยทฺ,ทำให้ผิดหวัง
2,239,disaster,n.,ดิซาสเทอะ,ความหายนะ
2,240,discover,v.,ดิสคัฟเวอะ,"ค้นพบ, ตรวขพบ, เจอ"
2,241,disgusting,adj.,ดิสกัสทิง,น่ารังเกียจ
2,242,display,v.,ดิสเพล,"แสดง, เปิดเผย"
2,243,dive,v.,ไดฟฺ,"กระโดดน้ำ, ดำน้ำ"
2,244,dizzy,adj.,ดิซซี,"หน้ามืด, ตาลาย, เวียนหัว"
2,245,double,adj.,ดัลเบิล,"สอง, สองต่อ, สองชั้น, ทวีคูณ"
2,246,downtown,n.,ดาวนฺทาวนฺ,ย่านธุรกิจ
2,247,drawer,n.,ดรอเออะ,"ลิ้นชัก, ผู้ถอนเงิน"
2,248,dress up,v.,เดรส อัพ,แต่งตัว
2,249,drummer,n.,ดรัมเมอะ,มือกลองในวงดนตรี
2,250,dryer,n.,ไดรเออะ,เครื่องเป่าแห้ง
2,251,dull,adj.,ดัล,"ทื่อ, โง่"
2,252,dump,v.,ดัมพฺ,"ทิ้ง, ทิ้งขยะ, ยกเลิก"
2,253,dumping,n.,ดัมพิง,"การเททิ้ง, การขจัดของเสียหรือขยะ"
2,254,during,prep.,ดิวริง,"ในระหว่าง, ในช่วงเวลา"
2,255,dust,n.,ดัสทฺ,ฝุ่น
2,256,each,adj.,อีช,"คนละ, แต่ละ"
2,257,eager,adj.,อีเกอะ,กระตือรือร้น
2,258,earn,v.,เอิร์น,ได้รับค่าจ้าง
2,259,earrings,n.,เอียร์ริง,ตุ้มหู
2,260,earthquake,n.,เอิร์ธเควก,แผ่นดินไหว
2,261,easily,adv.,อีซีลี,อย่างง่ายดาย
2,262,educate,v.,เอดจุเคท,ให้การศึกษา
2,263,elastic,adj.,อิแลสติค,ยืดหดได้
2,264,electric,adj.,อีเลคทริค,เกี่ยวกับไฟฟ้า
2,265,electric bulb,n.,อีเลคทริค บัลบฺ,หลอดไฟ
2,266,electricity,n.,อิเลคทริสซิที,ไฟฟ้า
2,267,electronic,adj.,อีเลคทรอนิค,เกี่ยวกับอุปกรณ์อิเล็กทรอนิกส์
2,268,elegant,adj.,เอลละเกินทฺ,"สง่างาม, สวยงาม"
2,269,emergency room,n.,อิเมอเจินซิ รูม,ห้องฉุกเฉิน
2,270,employee,n.,เอมพลอยอิ,ลูกจ้าง
2,271,employment,n.,เอมพลอนเมินทฺ,"การจ้าง, การใช้งาน"
2,272,empty,adj.,เอมพฺที,ว่างเปล่า
2,273,encyclopedia,n.,อินไซคละพีเดีย,สารานุกรม
2,274,enough,adj.,อินัฟ,พอเพียง
2,275,entertainer,n.,เอนเทอะเทนเนอะ,ผู้ให้ความบันเทิง
2,276,entertainment,n.,เอนเทอะเทนเมินทฺ,ความบันเทิง
2,277,entrance,n.,เอนเทรินซฺ,ทางเข้า
2,278,entry,n.,เอนทรี,การเข้า
2,279,episode,n.,เอพพิโซด,"ครั้ง, คราว, ฉาก, ตอน"
2,280,erase,v.,อีเรซ,ลบ
2,281,erect,adj.,อีเรคทฺ,"ตั้งชัน, ชู, โด่"
2,282,erupt,v.,อีรัพทฺ,ระเบิด
2,283,escape,v.,อีสเคพ,"รอดพ้นจาก, หนีออกมาจาก"
2,284,ever,adv.,เอฟเวอะ,ตลอดไป
2,285,everywhere,adv.,เอฟวรี่แสร์,ทุกหนทุกแห่ง
2,286,evidence,n.,เอฟวิเดินซฺ,หลักฐาน
2,287,exactly,adv.,อิคแซคทฺลี,"เที่ยงแท้, แน่นอน, ถูกต้องโดยแท้"
2,288,exchange,v.,อิคซฺเชนจฺ,แลกเปลี่ยน
2,289,exchange student,n.,อิคซฺเชนจฺ สติวเดินทฺ,นักเรียนแลกเปลี่ยน
2,290,exist,v.,เอคซิสทฺ,ดำรงอยู่
2,291,exotic,adj.,อิกซอททิค,เกี่ยวกับหรือมาจากต่างประเทศ
2,292,expand,v.,อิกซแพนดฺ,"ขยาย, ขยายตัว, เจริญขึ้น"
2,293,expansion,n.,อิกซแพนเชิน,การขยายตัว
2,294,expect,v.,อิกซฺเพคทฺ,"คาดหวัง, คาดการณ์"
2,295,expert,n.,เอกซเพิร์ท,ผู้เชี่ยวชาญ
2,296,explain,v.,เอกซฺเปลน,อธิบาย
2,297,explanation,n.,เอกซฺพละเนเชิน,คำอธิบาย
2,298,explore,v.,เอกซ์ปลอร์,"สำรวจ, ตรวจ"
2,299,explosion,n.,เอกซฺโพลเชิน,การระเบิด
2,300,export,v.,เอกซฺพอร์ท,ส่งสินค้าไปขายต่างประเทศ
2,301,express,v.,เอกซฺเพรส,"แสดงความคิด, การขนส่งด่วน"
2,302,farmhouse,n.,ฟาร์มเฮาส์,"บ้านไร่, บ้านในฟาร์ม"
2,303,fascinating,adj.,ฟาสซิเนธิง,"มีเสน่ห์, ที่ตรึงใจ"
2,304,fashion,n.,แฟเชิน,แฟชั่น
2,305,fashionable,adj.,แฟชเชินนะเบิล,ทันสมัย
2,306,fasten,v.,ฟาสเชิน,"ผูกแน่น, มัด, รัด"
2,307,fear,n.,เฟียร์,ความกลัว
2,308,feast,n.,ฟีสทฺ,กินเลี้ยง
2,309,fee,n.,ฟีสทฺ,"ค่าธรรมเนียม, ค่าเล่าเรียน"
2,310,fell,v.,เฟล,"ทำให้ล้ม, โค่น"
2,311,fence,n.,เฟนซฺ,รั้วล้อม
2,312,fiber,n.,ไฟเบอะ,เส้นใย
2,313,fiction,n.,ฟิคเชิน,นวนิยาย
2,314,field,n.,ฟิลดฺ,"ทุ่งนา, สนาม"
2,315,filmmaking,n.,ฟิล์มเมกเกอะ,การทำภาพยนตร์
2,316,finally,adv.,ไฟเนิลลี,"ในที่สุด, ประการสุดท้าย"
2,317,fireplace,n.,ไฟเออะ เพลส,เตาไฟ
2,318,firework,n.,ไฟเอะเวิร์ค,"ดอกไม้เพลิง, ประทัด"
2,319,firm,n.,เฟิร์ม,"หนักแน่น, มั่นคง"
2,320,firmly,adv.,เฟิร์มลี,"อยางหนักแน่น, อย่างมั่นคง"
2,321,first  class,n.,เฟิร์สคลาส,ที่นั่งชั้นหนึ่ง
2,322,flap,v.,แฟลพ,กระพือปีก
2,323,flash,v.,แฟลช,ส่องแสงวาบ
2,324,flashlight,n.,แฟลชไลทฺ,ไฟฉาย
2,325,flat,adj.,แฟลท,"ราบ, แบน"
2,326,flavor,n.,เฟลเวอะ,รสชาติ
2,327,flea,n.,ฟลี,ตัวหมัด
2,328,flight,n.,ไฟลทฺ,"การบิน, ฝูงบิน"
2,329,flirt,v.,เฟลิร์ท,"จีบ, เกี้ยวพาราสี"
2,330,float,v.,โฟลท,ลอยบนผิวน้ำหรืออากาศ
2,331,floating,adj.,โฟลททิง,ที่ลอยอยู่ในน้ำ
2,332,flow,v.,โฟลว,ไหล
2,333,focus,n.,โฟคัส,จุดรวม
2,334,focus,v.,โฟคัส,"จดจ่อ, เพ่ง, เล็ง"
2,335,focus on,v.,โฟคัส ออน,มุ่งความสนใจ
2,336,folk music,n.,โฟล์ค มิวสิค,"ดนตรีลูกทุ่ง, ดนตรีพื้นเมือง"
2,337,following,adj.,ฟอลโลวิง,"ซึ่งตามมา, ดังต่อไปนี้"
2,338,foolish,adj.,ฟูลลิช,"ดูน่าหัวเราะ, ดูโง่"
2,339,forehead,n.,ฟอร์เฮด,หน้าผาก
2,340,foreign,adj.,ฟอร์ริน,ต่างประเทศ
2,341,forward to,v.,ฟอร์เวิร์ด ทู,ส่งไปยัง
2,342,fountain,n.,เฟาเทิน,น้ำพุ
2,343,frame,n.,เฟรม,"กรอบ, โครง"
2,344,frequent,adj.,ฟรีเควินทฺ,"เป็นประจำ, สม่ำเสมอ"
2,345,frequently,adv.,ฟรีเควินทฺลี,"บ่อย, ถี่"
2,346,fuel,n.,ฟิวเอิล,เชื้อเพลิง
2,347,full,adj.,ฟูล,เต็ม
2,348,funeral,n.,ฟิวเนอะเริล,งานศพ
2,349,furnish,v.,เฟอร์นิช,ประดับ
2,350,furry,adj.,เฟอรี,ทำด้วยหรือประกอบด้วยหนังขนสัตว
2,351,gain,v.,เกน,ได้รับ
2,352,garbage,n.,การ์บิจ,ขยะ
2,353,gate,n.,เกท,ประตูรั้ว
2,354,general,adj.,เจนเนเริล,"ทั่วๆไป, ธรรมดา, ปกติ"
2,355,generally,adv.,เจนเนเริลลี,"โดยทั่วไป, ส่วนมาก"
2,356,generate,v.,เจนเนอเรท,"สร้างขึ้น, ผลิต, ทำให้เกิด"
2,357,generation,n.,เจนเนอเรเชิน,"การผลิต, ยุค, รุ่นอายุ"
2,358,generous,adj.,เจนนะเริส,"เหลือเฟือ, ใจกว้าง"
2,359,genius,n.,จีเนียส,อัจฉริยะ
2,360,gentle,adj.,เจนเทิล,"ผู้ดี, สุภาพอ่อนโยน"
2,361,gesture,n.,เจสเชอะ,ท่าทาง
2,362,get back,v.,เกท แบค,"กลับคืน, ได้รับคืน"
2,363,get into,v.,เกท อินทู,"ขึ้นรถ, เข้าไปใน"
2,364,get off,v.,เกท ออฟ,ลงจากรถ
2,365,get on,v.,เกท ออน,ดำเนินต่อไป
2,366,get out,v.,เกท เอาทฺ,ออกหรือหนี
2,367,get ready,v.,เกท เรดดี,เตรียมพร้อม
2,368,girlfriend,n.,เกิร์ลเฟรนดฺ,แฟนหญิง
2,369,give away,v.,กิฟ อะเว,แจกฟรี
2,370,give up,v.,กิฟ อัพ,"ยอมแพ้, ยกเลิก"
2,371,glad,adj.,แกลด,ดีใจ
2,372,global,adj.,โกลเบิล,เกี่ยวกับโลกทั้งหมด
2,373,glow,n.,โกลวฺ,แสงที่เปล่งออกมา
2,374,go away,v.,โก อะเว,"ออกจาก, หายไป"
2,375,go for,v.,โก ฟอร์,"เข้าไปคว้า, แสวงหา"
2,376,go off,v.,โก ออฟ,"ดับ, หยุด"
2,377,go on,v.,โก ออน,"เกิดขึ้น, ดำเนินต่อไป"
2,378,go out,v.,โก เอาทฺ,ออกไปข้างนอก
2,379,go up,v.,โก อัพ,"ไปยังที่สูงกว่า, ขึ้นราคา"
2,380,goal,n.,โกล,"จุดมุ่งหมาย, หลักชัย"
2,381,gossip,n.,กอสซิพ,การนินทา
2,382,gown,n.,กาวนฺ,เสื้อคลุมยาว
2,383,grab,v.,แกรบ,"คว้า, ฉวย"
2,384,graduate,v.,แกรดจุเอท,สำเร็จการศึกษา
2,385,graduation,n.,แกรดจุเอเชิน,"การสำเร็จการศึกษา, การได้รับปริญญา"
2,386,graphics,n.,แกรฟฟิคซฺ,ภาพกราฟฟิค
2,387,grassland,n.,กราสแลนดฺ,พื้นหญ้า
2,388,grill,v.,กริล,ย่างหรือปิ้ง
2,389,grocery,n.,โกรเซอรี,ร้านขายของชำ
2,390,groom,n.,กรูม,เจ้าบ่าว
2,391,ground,n.,กราวนดฺ,"ดิน, พื้นดิน, เขต"
2,392,grow up,v.,โกร อัพ,เติบโตขึ้น
2,393,grown,adj.,โกรน,"เติบโต, เป็นผูใหญ"
2,394,guard,n.,การ์ด,"เครื่องป้องกันภัย, ยาม, ผู้พิทักษ์"
2,395,guess,v.,เกส,เดา
2,396,guest,n.,เกสทฺ,"อาคันตุกะ, แขก"
2,397,guesthouse,n.,เกสทฺ เฮาส์,บ้านรับรองแขก
2,398,guide,v.,ไกดฺ,แนะแนว
2,399,guidebook,n.,ไกด์บุค,หนังสือคู่มือการเดินทางท่องเที่ยว
2,400,gypsum,n.,จิพเซิม,แร่ยิปซั่ม
2,401,hairdresser,n.,แฮร์เดรสเซอะ,ช่างตัดผม
2,402,hairdryer,n.,แฮร์ดรายเออะ,เครื่องเป่าผม
2,403,hammer,n.,แฮมเมอะ,ค้อน
2,404,hammock,n.,แฮมมอค,เปลญวน
2,405,hand out,v.,แฮนดฺ เอาทฺ,"บริจาค, มอบให้"
2,406,handicraft,n.,แฮนดิคราฟทฺ,งานฝีมือ
2,407,handkerchief,n.,แฮงเคอะชีฟ,ผ้าเช็ดหนา
2,408,hang,v.,แฮง,แขวน
2,409,hang out,v.,แฮง เอาทฺ,เตร็ดเตร่
2,410,hang up,v.,แฮง อัพ,"วางหูโทรศัพท์, แขวน, ทำให้ล่าช้า"
2,411,hardly,adv.,ฮาร์ดลี,"เกือบจะไม่, แทบจะไม่"
2,412,hardware,n.,ฮาร์ดฺแวร์,"เครื่องโลหะหรือเหล็ก, อุปกรณ์คอมพิวเตอร์"
2,413,hardworking,n.,ฮาร์ดเวิร์คคิง,การทำงานหนัก
2,414,harm,v.,ฮาร์ม,"ทำร้าย, ทำอันตราย"
2,415,haunt,v.,ฮอนทฺ,หลอกหลอน
2,416,have to,v.,แฮฟ ทู,ต้อง
2,417,headline,n.,เฮดไลน์,หัวเรื่อง
2,418,headmaster,n.,เฮดมาสเตอะ,"ครู, อาจารย์ใหญ่"
2,419,heart line,n.,ฮาร์ท ไลน์,เส้นหัวใจ
2,420,heat,n.,ฮีท,ความร้อน
2,421,heavy metal,n.,เฮฟวี่ เมทเทิล,ดนตรีร็อค
2,422,heel,n.,ฮีล,ส้นเท้า
2,423,help,v.,เฮลพฺ,ช่วยเหลือ
2,424,helpful,adj.,เฮลพฺฟูล,มีประโยชน์
2,425,herbal,adv.,เฮอร์เบิล,"เกี่ยวกับต้นไม้, เกี่ยวกับสมุนไพร"
2,426,heroic,adj.,ฮีโรอิค,กล้าหาญ
2,427,heroine,n.,เฮโรอีน,วีรสตรี
2,428,highly,adj.,ไฮลี,อย่างมาก
2,429,high-risk,adj.,ไฮริสคฺ,ความเสี่ยงสูง
2,430,highway,n.,ไฮเว,ทางหลวง
2,431,hike,v.,ไฮคฺ,การไต่เขา
2,432,hillside,n.,ฮิลไซดฺ,"ลาดเขา, ไหล่เขา"
2,433,hive,n.,ไฮฟ์,รังผึ้ง
2,434,hold on,v.,โฮลดฺ ออน,"รอสักครู, ถือสายรอ"
2,435,homepage,n.,โฮมเพจ,หน้าแรกของเว็บไซต์
2,436,honeymooner,n.,ฮันนีมูน,ดื่มน้ำผึ้งพระจันทร
2,437,honor,n.,ออนเนอะ,เกียรติ
2,438,hope,v.,โฮพ,"หวัง, คาดหวัง"
2,439,horizon,n.,ฮะไรเซิน,ขอบฟ้า
2,440,horn,n.,ฮอร์น,เขาสัตว์
2,441,horoscope,n.,ฮอร์ระสโคพ,ดวงชะตาราศี
2,442,horrible,adj.,ฮอร์ระเบิล,น่ากลัว
2,443,horror,n.,ฮอเรอะ,ความน่ากลัว
2,444,horseshoe,n.,ฮอร์สชู,เกือกม้า
2,445,hostel,n.,ฮอสเทิล,โรงแรมหรือที่พักราคาไม่แพง
2,446,housekeeping,n.,เฮาส์คีพพิง,การดูแลบ้าน
2,447,housing,adj.,เฮาซิง,การเคหะ
2,448,however,conj.,เฮาเอฟเวอะ,อย่างไรก็ตาม
2,449,huge,adj.,ฮิวจฺ,ใหญ่โตมโหฬาร
2,450,human,n.,ฮิวเมิน,มนุษย์
2,451,humble,v.,ฮัมเบิล,ถ่อมตัว
2,452,hummingbird,n.,ฮัมมิงเบิร์ด,นกฮัมมิ่งเบิร์ด
2,453,hunt,v.,ฮันทฺ,ล่า
2,454,hunter,n.,ฮันเทอะ,นายพราน
2,455,hurt,v.,เฮิร์ท,ทำให้เจ็บ
2,456,icing,n.,ไอซิง,น้ำตาลใช้โรยขนม
2,457,idiom,n.,อิดเดียม,สำนวน
2,458,if,conj.,อิฟ,"ถ้า, เผื่อ, หาก, ข้อแม่"
2,459,ignore,v.,อิกนอร์,"ละเลย, ไม่สนใจ"
2,460,illness,n.,อิลนิส,โรคภัยไข้เจ็บ
2,461,illustrate,v.,อิลัสเตรท,"แสดงตัวอย่าง, ใส่ภาพประกอบ"
2,462,imagination,n.,อิแมจจะเนเชิน,จินตนาการ
2,463,imagine,v.,อิแมจจิน,"จินตนาการ, นึกฝัน, คิดเอาเอง"
2,464,immediately,adv.,อิมีเดียทลี,"ขณะนี้, เดี๋ยวนี้"
2,465,impala,n.,อิมแพลละ,ละมั่งแอฟริกาขนาดใหญ
2,466,impolite,adj.,อิมพะไลทฺ,ไม่สุภาพ
2,467,import,v.,อิมพอร์ท,นำสินค้าเข้าประเทศ
2,468,impress,v.,อิมเพรส,"ประทับ (ตรา, เครื่องหมาย), ทำให้ประทับใจ"
2,469,impression,n.,อิมเพรสเชิน,ความประทับใจ
2,470,improve,v.,อิมพรูฟ,"ทำให้ดีขึ้น, ปรับปรุง"
2,471,inch,n.,อินชฺ,หน่วยความยาวเป็นนิ้ว
2,472,include,v.,อินคลูด,รวมถึง
2,473,increase,v.,อินครีส,"เพิ่มขึ้น, ทำให้มากขึ้น"
2,474,incredible,adj.,อินเครดดะเบิล,ไม่น่าเชื่อ
2,475,information,n.,อินฟอร์มเมเชิน,"ข้อมูล, ข่าวสาร, ความรู้"
2,476,ingredient,n.,อินกรีเดียนทฺ,ส่วนประกอบ
2,477,intelligent,adj.,อินเทลลิเจินทฺ,"ความคิด, เชาว์, มีไหวพริบ"
2,478,intend,v.,อินเทนดฺ,ตั้งใจ
2,479,interest,n.,อินเทอริสทฺ,"ความสนใจ, กำไร"
2,480,interested,adj.,อินเทอเรสเตท,ที่สนใจ
2,481,international,adj.,อินเทอแนชเชินเนิล,ระหว่างประเทศ
2,482,into,prep.,อินทู,เข้าไปใน
2,483,introduction,n.,อินทระดัคเชิน,การแนะนำ
2,484,invent,v.,อินเวนทฺ,ประดิษฐ
2,485,invention,n.,อินเวนเชิน,การประดิษฐ
2,486,inventor,n.,อินเวนเทอะ,นักประดิษฐ์
2,487,invitation,n.,อินวิเทเชิน,"คำเชิญ, เชื้อเชิญ, ขอร้อง"
2,488,issue,n.,อิซชูว,การปล่อยออกมา
2,489,ivory,n.,ไอวะรี,งาช้าง
2,490,jail,n.,เจล,คุก
2,491,jealous,adj.,เจลเลิส,"อิจฉา, ขี้หึง"
2,492,jerk,v.,เจิร์ค,"กระตุก, กระชาก"
2,493,jewel,n.,จูเวิล,อัญมณี
2,494,job-seeker,n.,จอบ ซีคเกอะ,คนหางานทำ
2,495,journal,n.,เจอเนิล,"วารสาร, บันทึกประจำวัน"
2,496,journey,n.,เจอร์นี,การเดินทาง
2,497,jump at,v.,จัมพฺ แอท,"ฉกฉวยโอกาส, คว้า"
2,498,jump up,v.,จัมพฺ อัพ,กระโดดขึ้น
2,499,junior,adj.,จูนเนียร์,ที่อายุน้อยกว่า
2,500,kayak,n.,ไคแยค,เรือคายัค
2,501,keep going,v.,คีพ โกอิง,ดำเนินต่อไป
2,502,keep on,v.,คีพ ออน,"พูดต่อ, ทำต่อ"
2,503,keep walking,v.,คีพ วอล์คคิง,เดินต่อไป
2,504,ketchup,n.,เคทชัพ,ซอสมะเขือเทศ
2,505,keyboard,n.,คีย์บอร์ด,แป้นพิมพ์
2,506,keypad,n.,คีแพด,แป้นพิมพ์
2,507,kick off,v.,คิค ออฟ,"เริ่มเกมฟุตบอล, เริ่มต้น"
2,508,kingdom,n.,คิงเดิม,อาณาจักร
2,509,label,n.,เลเบิล,"ฉลาก, ป้าย"
2,510,lace,n.,เลซ,"ลูกไม้, เชือกรองเท้า"
2,511,ladder,n.,แลดเดอะ,บันได
2,512,lake,n.,เลค,ทะเลสาบ
2,513,land on,v.,แลนดฺ ออน,"(เครื่องบิน) ลงจอด, เทียบท่า"
2,514,landmark,n.,แลนดฺมาร์ค,"สถานที่เป็นจุดสังเกต, หลักเขต"
2,515,laptop,n.,แลพทอพ,เครื่องคอมพิวเตอร์พกพา
2,516,laughing,n.,ลาฟฟิง,การหัวเราะ
2,517,laundry,n.,ลอนดรี,ที่ซักรีด
2,518,law,n.,ลอว์,"กฎหมาย, ข้อบังคับ"
2,519,leaflet,n.,ลีฟเลท,ใบปลิว
2,520,leak,n.,ลีค,"รูรั่ว, รอยร้าว"
2,521,lend,v.,เลนดฺ,ให้ยืม
2,522,level,n.,เลฟเวิล,"ระดับ, ชั้น"
2,523,lifeguard,n.,ไลฟ์การ์ด,เจ้าหน้าที่คอยช่วยชีวิตคนตกน้ำ
2,524,lifetime,n.,ไลฟ์ไทมฺ,ชั่วชีวิต
2,525,light on,v.,ไลทฺ ออน,เปิดไฟ
2,526,lighting,n.,ไลทฺทิง,"การส่องแสงสว่าง, ฟ้าแลบ"
2,527,limit,n.,ลิมมิทิด,"ขอบเขต, ข้อจำกัด"
2,528,limited,adj.,ลิมมิทิด,"ที่ถูกจำกัด, ที่มีขอบเขต"
2,529,liquid,adj.,ลิคควิด,ของเหลว
2,530,liter,n.,ลิทเทอะ,ลิตร (หน่วยความจุ)
2,531,lobby,n.,ลอบบี,"ซุ้มประตู, เฉลียง, ห้องพักแขก"
2,532,local,adj.,โลเคิล,ท้องถิ่น
2,533,lock up,v.,ลอค อัพ,"ถูกขัง, จำคุก"
2,534,logical,adj.,ลอจจิเคิล,มีเหตุผล
2,535,lonely,adj.,โลนลิ,เปล่าเปลี่ยว
2,536,long-term,adj.,ลองเทิร์ม,ระยะยาว
2,537,look around,v.,ลุค อะราวน์ดฺ,มองรอบๆ
2,538,look forward to,v.,ลุค ฟอร์เวิร์ด ทู,ตั้งใจคอย
2,539,look in,v.,ลุค อิน,"มองเข้าไป, แวะเยี่ยม"
2,540,look up,v.,ลุค อัพ,"ค้นหา, เงยขึ้น"
2,541,lose,v.,ลูส,"หลงทาง, ทำหาย, เสีย"
2,542,loss,n.,ลอส,การสูญเสีย
2,543,lottery,n.,ลอทเทอะรี,ล็อตเตอรี่
2,544,loudly,adv.,ลาวดฺลี,อย่างเสียงดัง
2,545,lovesick,adj.,เลิฟซิค,"เป็นไข้ใจ, ป่วยด้วยโรครัก"
2,546,loyal,adj.,ลอยเอิล,จงรักภักดี
2,547,loyalty,n.,ลอยเอิลที,ความจงรักภักดี
2,548,luggage,n.,ลักกิจ,กระเป๋าเดินทาง
2,549,lying,n.,ไลยิง,การโกหก
2,550,mad,adj.,แมด,"โกรธ, ไร้เหตุผล, บ้า"
2,551,maid,n.,เมด,สาวใช้
2,552,main,adj.,เมน,"เป็นใจความ, เป็นส่วนใหญ่, เป็นหลัก"
2,553,major,adj.,เมเจอะ,"ส่วนใหญ, สำคัญ"
2,554,mangrove,n.,แมงโกรฟ,ต้นโกงกาง
2,555,marathon,n.,แมระธอน,"การวิ่งทนระยะทางไกล, วิ่งมาราธอน"
2,556,margarine,n.,มาร์จะรีน,เนยเทียมจากไขมันพืช
2,557,marine,adj.,มะรีน,"เกี่ยวกับทะเล, ของทะเล"
2,558,marriage,n.,แมริอิจ,การแต่งงาน
2,559,master,n.,มาสเตอะ,"เจ้านาย, หัวหน้า"
2,560,mate,n.,เมท,"เพื่อน, สามีหรือภรรยา, คู่ผสมพันธุ์"
2,561,maximum,n.,แมคซะมัม,"สูงสุด, ขีดสูงสุด"
2,562,maybe,adv.,เมบี,บางที
2,563,measure,v.,เมชเชอะ,"วัด, กะ, ประมาณ"
2,564,measurement,n.,เมชเชอะเมินทฺ,"การวัด, ระบบการวัด"
2,565,medium,adj.,มีเดียม,"ปานกลาง, สายกลาง"
2,566,mental,adj.,เมนเทิล,เกี่ยวกับจิตใจ
2,567,mess,n.,เมส,"ความสกปรก, ความสับสน, ความยุ่งเหยิง"
2,568,messy,adj.,เมสซี,"สกปรก, ไม่เปนระเบียบ"
2,569,metal,n.,เมทเทิล,โลหะ
2,570,mild,adj.,ไมล์ดฺ,"ไม่รุนแรง, อ่อนละมุน"
2,571,military,n.,มิลลิเทอรี,ทางทหาร
2,572,millionaire,n.,มิลเยอะแนร์,เศรษฐี
2,573,mind,n.,ไมน์ดฺ,จิตใจ
2,574,minimal,adj.,มินนะเมิล,"เล็กที่สุด, อย่างน้อยที่สุด"
2,575,minimum,n.,มินนะมัม,"ต่ำสุด, ชั้นต่ำ"
2,576,minister,n.,มินนิสเทอะ,รัฐมนตรี
2,577,missing,adj.,มิสซิง,"ทำพลาด, ขาดแคลน, หายไป"
2,578,mixed,adj.,มิกซทฺ,"ปนกัน, ผสมผสาน, ยุ่งเหยิง"
2,579,mixture,n.,มิกซเชอะ,"สารผสม, การผสม"
2,580,model,n.,โมเดิล,"นางแบบ, ต้นแบบ, แบบจำลอง"
2,581,mood,n.,มูด,อารมณ์
2,582,motorist,n.,โมเทอริสทฺ,ผู้ขับรถยนต์
2,583,mount,v.,เมาน์ทฺ,"ปืนขึ้น, ขึ้นม้า, ติดภาพ"
2,584,move in,v.,มูฟ อิน,ย้ายเข้าไป
2,585,move out,v.,มูฟ เอาทฺ,ย้ายออกไป
2,586,mumps,n.,มัมพซฺ,โรคคางทูม
2,587,musical,adj.,มิวซิเคิล,เกี่ยวกับดนตรี
2,588,mustard,n.,มัสตาร์ท,มัสตาร์ด
2,589,national,adj.,แนชเชินเนิล,"ประจำชาติ, แห่งชาติ"
2,590,naturally,adv.,แนชเชอเริลลี,ตามธรรมชาติ
2,591,nature,n.,เนเชอะ,"ธรรมชาติ, นิสัย"
2,592,nearby,adv.,เนียร์บาย,"แค่เอื้อม, ใกล้เคียง"
2,593,neat,adj.,นีท,"เรียบร้อย, เป็นระบียบ"
2,594,neatly,adv.,นีทลี,"อย่างเรียบร้อย, อย่างเป็นระเบียบ"
2,595,necessary,adj.,เนสซิเซอรี,สำคัญ
2,596,needle,n.,นีดเดิล,เข็ม
2,597,negative,adj.,เนกกะทิฟ,ทางลบ
2,598,neighbor,n.,เนเบอะ,เพื่อนบ้าน
2,599,night out,v.,ไนท์ เอาทฺ,ออกไปข้างนอกตอนกลางคืน
2,600,no one,pron.,โน วัน,"ไม่มีใคร, ไม่มีสักคน"
2,601,nod,v.,นอด,พยักหน้ารับ
2,602,normally,adv.,นอร์เมิลลี,"โดยปกติ, อย่างปกติ"
2,603,northeastern,adj.,นอร์ธอีสเทิร์น,ทางภาคตะวันออกเฉียงเหนือ
2,604,notice,n.,โนทีส,"ข่าวสาร, หมายเหตุ"
2,605,novel,n.,โนเวิล,นวนิยาย
2,606,nowadays,adj.,นาวอะเดซฺ,ในปัจจุบัน
2,607,nursery school,n.,เนิร์ซเซอรี สกูล,โรงเรียนก่อนชั้นอนุบาล
2,608,obey,v.,โอเบ,"เชื่อฟัง, ยินยอม"
2,609,object,n.,ออบเจคทฺ,สิ่งของ
2,610,occasionally,adv.,อะเคเชินเนิลลี,"เป็นครั้งคราว, เป็นบางโอกาส"
2,611,occupation,n.,ออคคิวเพเชิน,อาชีพ
2,612,offer,v.,ออฟเฟอะ,"ยกให้, เสนอ, ให้โอกาส"
2,613,old-fashioned,adj.,โอลดฺ แฟชเชิน,สมัยนิยมเก่า
2,614,omelet,n.,ออมมะลิท,ไข่เจียว
2,615,on time,prep.,ออน ไทมฺ,ตรงตามกำหนดเวลา
2,616,orchestra,n.,ออร์เคสทระ,วงดรตรีออเครสตร้า
2,617,organization,n.,ออร์กะไนเซเชิน,องค์การ
2,618,organize,v.,ออร์กะไนซ์,"รวบรวม, จัดตั้ง"
2,619,orient,adj.,โอเรียนทฺ,ทิศตะวันออก
2,620,origin,n.,ออริจิน,"แหล่งกำเนิด, ต้นตอ, ที่มา"
2,621,original,adj.,ออริจจิเนิล,"ซึ่งเป็นแบบฉบับ, เป็นต้นฉบับ"
2,622,ounce,n.,เอาซฺ,หน่วยน้ำหนักเป็นออนซ์
2,623,out of date,adj.,เอาทฺ ออฟ เดท,"ล้าสมัย, ไม่ทันสมัย"
2,624,outcome,n.,เอาทฺคัม,ผลลัพธ์
2,625,outfit,n.,เอาทฺฟิต,"เสื้อผ้าทั้งชุด, เครื่องมือทั้งชุด"
2,626,outline,n.,เอาทฺไลน์,เค้าโครง
2,627,overnight,n.,โอเวอะไนทฺ,"กลางคืน, ตลอดคืน"
2,628,overseas,adv.,โอเวอะซี,"ข้ามทะเล, เกี่ยวกับต่างประเทศ"
2,629,oversleep,v.,โอเวอะสลีพ,นอนเลยเวลาที่กำหนดตื่น
2,630,owe,v.,โอ,เป็นหนี้
2,631,pale,adj.,เพล,"ซีดขาว, หน้าซีด"
2,632,paradise,n.,แพระไดซฺ,สวรรค์
2,633,partly,adv.,พาร์ทลี,โดยบางส่วน
2,634,partner,n.,พาร์ทเนอะ,หุ้นส่วน
2,635,pat,v.,แพท,ใช้ฝ่ามือตบเบาๆ
2,636,path,n.,พาธ,"ทางเดิน, ทาง, วิถี"
2,637,patient,adj.,เพเชินทฺ,อดทน
2,638,peaceful,adj.,พีซฟูล,สงบ
2,639,peel,v.,พีล,ปอกเปลือก
2,640,perfume,n.,เพอฟิวมฺ,น้ำหอม
2,641,perhaps,adv.,เพอะแรพซฺ,"บางที, อาจจะ"
2,642,personal,adj.,เพอซะเนิล,ส่วนตัว
2,643,personality,n.,เพอซะแนลลิที,บุคลิกลักษณะ
2,644,photocopier,n.,โฟโทคอพพีเออะ,เครื่องถ่ายเอกสาร
2,645,pick up,v.,พิค อัพ,"หยิบขึ้น, เก็บขึ้น, รับมา"
2,646,pier,n.,เพียร์,ท่าเรือ
2,647,plaid,n.,เพลด,"ผ้าลายสก็อต, ผ้าตาหมากรุก"
2,648,plaza,n.,พลาซะ,"ลานกว้างสาธารณะ, ตลาดนัด"
2,649,pleasant,adj.,เพลสเซิน,"น่าดู, น่าพอใจ"
2,650,plenty,n.,เพลนที,ความอุดมสมบูรณ์
2,651,plus,n.,พลัส,"บวก, ส่วนเกิน, ผลกำไร"
2,652,poem,n.,โพเอิม,"กลอน, โคลง"
2,653,poetry,n.,โพอิทรี,การประพันธ์
2,654,poisonous,adj.,พอยเซินนัส,เป็นพิษ
2,655,polio,n.,โพลิโอ,โรคโปลิโอ
2,656,politic,adj.,พอลลิทิค,"ฉลาด, หลักแหลม, มีเสน่ห์"
2,657,political,adj.,พะลิททิเคิล,"ในทางการปกครอง, เกี่ยวกับการเมือง"
2,658,poll,v.,โพลฺ,สำรวจความคิดเห็น
2,659,pollen,n.,พอลเลิน,เกสรดอกไม้
2,660,pollute,v.,พะลูท,ทำให้เป็นมลพิษ
2,661,ponytail,n.,โพนิเทล,ผมทรงหางม้าของเด็กผู้หญิง
2,662,portrait,n.,พอร์เทรท,ภาพเหมือน
2,663,positive,adj.,พอสซิทิฟ,แง่บวก
2,664,pound,n.,พาวดฺ,"ปอนด์, หน่วยเงินตราของอังกฤษ"
2,665,pray,v.,เพรย์,"ภาวนา, สวดมนต์"
2,666,predict,v.,พรีดิคทฺ,"ทำนาย, คาดการณ์"
2,667,prediction,n.,พรีดิคทฺเชิน,"การคาดเดา, การทำนาย"
2,668,preparation,n.,เพรพพะเรเชิน,การเตรียม
2,669,prepare,v.,พรีแพร์,เตรียม
2,670,president,n.,เพรสซิเดินทฺ,ประธาน
2,671,press,v.,เพรส,"กด, พับ"
2,672,pressure,n.,เพรสเชอะ,"แรงกระตุ้น, ความกดดัน"
2,673,pretend,v.,พรีเทนดฺ,แกล้งทำ
2,674,prevent,v.,พรีเวนทฺ,"ป้องกัน, ขัดขวาง"
2,675,previous,adj.,พรีเวียส,"ก่อนหน้า, แต่ก่อน"
2,676,prey,n.,เพรย์,เหยื่อ
2,677,priest,n.,พรีสทฺ,"พระ, บาทหลวง"
2,678,principal,n.,พรินซะเพิล,ครูใหญ
2,679,prior,adj.,ไพรเออะ,"ที่มีมาก่อน, มีความสำคัญเป็นอันดับแรก"
2,680,private,adj.,ไพรวิท,"ส่วนตัว, เป็นส่วนตัว"
2,681,prize,n.,ไพรซฺ,รางวัล
2,682,producer,n.,โพรดิวเซอะ,"ผู้ผลิต, ผู้อำนวยการสร้างภาพยนตร์"
2,683,production,n.,โพรดัคเชิน,กระบวนการผลิต
2,684,profile,n.,โพรไฟล์,ประวัติบุคคล
2,685,profit,n.,โพรฟิท,"ผลประโยชน์, กำไร"
2,686,project,n.,พรอจเจคทฺ,โครงการ
2,687,prom,n.,พรอม,งานเต้นรำ
2,688,promote,v.,พระโมท,"ส่งเสริม, เลื่อนตำแหน่ง"
2,689,pronunciation,n.,พระนันซิเอเชิน,การออกเสียงถ้อยคำ
2,690,prop,v.,พรอพ,"สนับสนุน, ค้ำจุน"
2,691,proud,adj.,พราวดฺ,"ภูมิใจ, ลำพองใจ"
2,692,provide,v.,พระไวดฺ,"จัดหา, เตรียมการ, ให้"
2,693,public,n.,พับลิค,สาธารณชน
2,694,publish,v.,พับลิช,จัดพิมพ์
2,695,pull out,v.,พูล เอาทฺ,ลากออกไป
2,696,pupil,n.,พิวพิล,นักเรียน
2,697,purse,n.,เพิร์ส,"กระเป๋าเล็กๆ, ถุงเงิน"
2,698,put into,v.,พุท อินทู,"แปล, ใส่เข้าไป, วางใน"
2,699,put on,v.,พุท ออน,"วางบน, สวมใส่, เพิ่ม"
2,700,put up,v.,พุท อัพ,"จัดตั้ง, ยกสูงขึ้น, เพิ่มราคา"
2,701,puzzle,n.,พัซเซิล,ปริศนา
2,702,quarter,n.,ควอร์เทอะ,1ในสี่ส่วนที่เท่ากัน
2,703,queue,n.,คิว,"ผมเปีย, ลำดับคิว"
2,704,quickly,adv.,ควิกลี,อย่างรวดเร็ว
2,705,quietly,adv.,ไควอิทลี,อย่างเงียบสงบ
2,706,quilt,n.,ควิลทฺ,ผ้าคลุมตียง
2,707,quit,v.,ควิท,"ยุติ, เลิก, ลาออก"
2,708,quite,adv.,ไควทฺ,ค่อนข้าง
2,709,race,n.,เรซ,การแข่งขัน
2,710,racket,n.,แรคคิท,ไม้ตีเทนนิสและอื่นๆ
2,711,raft,n.,ราฟทฺ,แพ
2,712,raise,v.,เรส,"ยกขึ้น, เลี้ยงดู, ทำให้เพิ่มขึ้น"
2,713,rank,v.,แรงคฺ,"ยศ, ตำแหนง, ชนชั้น, จัดลำดับ"
2,714,rapid,adj.,แรพพิด,รวดเร็ว
2,715,rate,n.,เรท,"อัตรา, ระดับ"
2,716,rather,adv.,ราเธอะ,"มากกว่า, ค่อนข้าง"
2,717,reach,v.,รีช,"ถึง, บรรลุ"
2,718,react,v.,รีแอคทฺ,ปฏิกิริยาตอบสนอง
2,719,reaction,n.,รีแอคเชิน,การตอบสนอง
2,720,reality,n.,รีแอลลิที,"ของจริงๆ, ความเป็นจริง"
2,721,really,adv.,เรียลลิ,โดยแท้จริง
2,722,reason,n.,รีเชิน,เหตุผล
2,723,recall,v.,รีคอล,รำลึก
2,724,receipt,n.,รีซีท,"รายรับ, ใบเสร็จ"
2,725,receive,v.,รีซีฟ,ได้รับ
2,726,reception,n.,รีเซพเชิน,การต้อนรับ
2,727,receptionist,n.,รีเซพเชินนิสทฺ,พนักงานต้อนรับ
2,728,recipe,n.,เรสซะพี,ตำหรับอาหาร
2,729,recreation,n.,เรคริเอเชิน,"การพักผ่อนหย่อนใจ, สันทนาการ"
2,730,recycle,v.,รีไซเคิล,แปรรูปนำกลับมาใช้อีก
2,731,reduce,v.,รีดิวซฺ,ลดลง
2,732,refer to,v.,รีเฟอร์ ทู,"พูดถึง, กล่าวถึง"
2,733,refuse,v.,รีฟิวซฺ,ปฏิเสธ
2,734,relate to,v.,รีเลท ทู,เกี่ยวกับ
2,735,relationship,n.,รีเลเชินชิพ,ความสัมพันธ์
2,736,religion,n.,รีลิจเจิน,ศาสนา
2,737,rent,n.,เรนทฺ,"การเช่า, ค่าเช่า"
2,738,repair,v.,รีแพร์,"แก้ไข, ซ่อม"
2,739,report,n.,รีพอร์ท,รายงาน
2,740,reporter,n.,รีพอร์ทเทอะ,ผู้สื่อข่าว
2,741,reproduce,v.,รีพระดิวซฺ,"ทำสำเนา, ผลิตซ้ำ, สืบพันธุ์"
2,742,reptile,n.,เรพไทล์,สัตว์เลื้อยคลาน
2,743,research,v.,รีเสิร์ช,"วิจัย, ค้นคว้า"
2,744,researcher,n.,รีเสิร์ชเชอะ,นักวิจัย
2,745,respect,n.,รีสเปคทฺ,ความเคารพ
2,746,rest,n.,เรสทฺ,การพักผ่อน
2,747,resting,adj.,เรสทิง,พักผ่อน
2,748,restroom,n.,เรสทฺรูม,ห้องน้ำ
2,749,reuse,v.,รียูส,นำกลับมาใช้อีก
2,750,reward,n.,รีวอร์ด,รางวัล
2,751,rink,n.,ริงคฺ,ลานสเก็ตน้ำแข็ง
2,752,ripe,adj.,ไรพฺ,"เจริญเต็มที่, สุก"
2,753,risk,n.,ริสคฺ,ความเสี่ยง
2,754,roam,v.,โรม,ท่องเที่ยวไป
2,755,roast,v.,โรสทฺ,"ปิ้ง, ย่าง"
2,756,rock band,n.,รอค แบนดฺ,วงดนตรีร็อค
2,757,role,n.,โรล,บทบาท
2,758,roll,v.,โรล,ม้วน
2,759,roller-skate,n.,โรลเลอะ สเกท,รองเท้าสเกตสี่ล้อ
2,760,romance,n.,โรแมนซฺ,"เรื่องรักใคร่, นวนิยายรักใคร่"
2,761,romantic,adj.,โรแมนทิค,เกี่ยวกับเรื่องรักใคร่
2,762,round,adj.,ราวน์ดฺ,"กลม, รอบๆ"
2,763,roundabout,n.,เรานดฺอะเบาทฺ,"วงเวียนที่วนรถ, ม้าหมุน"
2,764,round-trip,n.,ราวน์ดฺทริพ,การเดินทางไปและกลับ
2,765,routine,n.,รูทีน,กิจวัตรประจำวัน
2,766,rub,v.,รับ,"ขัด, ถู, เช็ด"
2,767,ruin,v.,รูอิน,"ทำให้พินาศ, ทำให้ล่มจม"
2,768,rule,n.,รูลฺ,กฎ
2,769,run in,v.,รัน อิน,"วิ่งเข้ามา, ขับมาหา, ทำให้ผ่านเข้าไป"
2,770,run into,v.,รัน อินทู,"พบโดยบังเอิญ, ประสบกับ"
2,771,run out,v.,รัน เอาทฺ,"หมด, หมดอายุ"
2,772,rundown,n.,รันดาวนฺ,บทสรุป
2,773,rush,v.,รัช,"รีบเร่ง, วิ่ง, พุ่ง"
2,774,safety,n.,เซฟที,ความปลอดภัย
2,775,sailing,n.,เซลลิ่ง,การเดินเรือ
2,776,sailor,n.,เซลเลอะ,กะลาสี
2,777,salary,n.,แซลละรี,เงินเดือน
2,778,salesperson,n.,เซลซฺเพอเซิน,พนักงานขาย
2,779,sandy,adj.,แซนดี,ประกอบด้วยทราย
2,780,saving,n.,เซฟวิง,การประหยัด
2,781,scar,n.,สการฺ์,แผลเป็น
2,782,scare,v.,สแกร์,ทำให้กลัว
2,783,scared,adj.,สแกร์ดฺ,รู้สึก
2,784,scene,n.,ซีน,"ภาพวิวทิวทัศน์, เหตุการณ์, ฉากบนเวที"
2,785,schedule,n.,สเคดดูล,กำหนดการ
2,786,scholarship,n.,สกอลเลอะชิพ,ทุนการศึกษา
2,787,scoop,n.,สกูพ,ทัพพี
2,788,scratch,v.,สแครทชฺ,"ขูดขีด, ข่วน, เกา"
2,789,screen,n.,สกรีน,จอภาพยนตร์จอโทรทัศน์หรือคอมพิวเตอร์
2,790,scrub,v.,สครับ,ขัดอย่างแรง
2,791,sculpture,n.,สกัลพฺเชอะ,ประติมากรรม
2,792,search for,v.,เสริ์ช ฟอร์,ค้นหา
2,793,seashore,n.,ซีชอร์,ชายหาด
2,794,seaside,n.,ซีไซดฺ,"ชายหาด, ชายทะเล"
2,795,seat belt,n.,ซีทเบลทฺ,เข็มขัดนิรภัย
2,796,secret,adj.,ซีเครท,ความลับ
2,797,secretary,n.,เซคริเทอรี,เลขานุการ
2,798,seek,v.,ซีค,ค้นหา
2,799,seem,v.,ซีม,"ดูราวกับ, ดูเหมือน, ดูคล้าย"
2,800,semester,n.,ซีเมสเตอะ,ภาคการศึกษา
2,801,sender,n.,เซนเดอะ,ผู้ส่ง
2,802,senior,n.,ซีเนียร์,"ผู้มีอายุแก่กว่า, อาวุโส"
2,803,sentence,n.,เซนเทินซฺ,ประโยค
2,804,series,n.,ซีรีซฺ,"ชุดของสิ่งของ, อนุกรม"
2,805,serious,adj.,ซีเรียส,"จริงจัง, สาหัส"
2,806,serve,v.,เซิร์ฟฺ,"รับใช้, เสิร์ฟอาหารให้, ให้บริการ"
2,807,set up,v.,เซท อัพ,"ตั้งขึ้น, สร้างขึ้น"
2,808,several,adj.,เซฟเวอรัล,หลากหลาย
2,809,shallow,adj.,แชลโล,ตื้น
2,810,shape,n.,เชพ,รูปร่าง
2,811,share,v.,แชร์,แบ่ง
2,812,sharp,adj.,ชาร์พ,แหลมคม
2,813,shiny,adj.,ชายนี่,ส่องสว่าง
2,814,shock,v.,ชอค,"ตกตะลึง, ทำให้ตกใจ"
2,815,shoelace,n.,ชูเลซ,เชือกผูกรองเท้า
2,816,shortly,n.,ชอร์ทลี,เร็วๆนี้
2,817,show off,v.,โชว์ ออฟ,อวด
2,818,show on,v.,โชว์ ออน,เริ่มดำเนินการ
2,819,show up,v.,โชว์ อัพ,ปรากฏตัว
2,820,showing,n.,โชว์อิง,การแสดง
2,821,shrink,v.,ชริงคฺ,"น้อยลง, หด"
2,822,sidewalk,n.,ไซดฺวอล์ค,ทางเท้า
2,823,sign,n.,ไซนฺ,"สัญลักษณ์, ป้าย"
2,824,signal,n.,ซิกเนิล,"สัญญาณ, สัญลักษณ์"
2,825,silly,n.,ซิลลี,"คนโง่, คนทึ่ม"
2,826,silver,n.,ซิลเวอะ,สีเงิน
2,827,similar,adj.,ซิมมะละ,"คล้าย, เหมือน"
2,828,simple,adj.,ซิมเพิล,"ชัดเจน, เรียบ, ง่าย"
2,829,single,adj.,ซิงเกิล,"เดี่ยว, โสด"
2,830,sketch,n.,สเกทชฺ,ภาพร่าง
2,831,skydiving,n.,สกายไดฟฺวิง,การดิ่งพสุธา
2,832,skylight,n.,สกายไลทฺ,แสงบนท้องฟ้า
2,833,slap,n.,สแลพ,การตบ
2,834,slip,v.,สลิพ,ลื่น
2,835,smell,n.,สเมล,กลิ่น
2,836,smooth,adj.,สมูธ,ราบเรียบ
2,837,so,conj.,โซ,ดังนั้น
2,838,sociable,adj.,โซชะเบิล,"เข้ากับคนง่าย, ชอบเข้าสังคม"
2,839,social,adj.,โซเชิล,"เกี่ยวกับสังคม, เกี่ยวกับฐานะ"
2,840,society,n.,โซไซอิที,สังคม
2,841,software,n.,ซอฟทฺแวร์,"โปรแกรมคอมพิวเตอร์, ซอฟแวร์"
2,842,sold out,adj.,โซลดฺ เอาทฺ,ขายหมด
2,843,solve,v.,ซอลวฺ,แก้ปัญหา
2,844,someone,pron.,ซัมวัน,ใครบางคน
2,845,something,pron.,ซัมธิง,บางสิ่งบางอย่าง
2,846,sometimes,adv.,ซัมไทมฺ,"บางครั้ง, บางครั้งบางคราว"
2,847,sore,adj.,ซอร์,เจ็บปวด
2,848,source,n.,ซอร์ส,"ต้นกำเนิด, แหล่ง"
2,849,southerner,n.,เซาเธิร์นเนอะ,คนที่อยู่ทางใต้ของประเทศ
2,850,souvenir,n.,ซูวะเนียร์,ของที่ระลึก
2,851,spark,v.,สปาร์ค,"ทำให้เป็นประกายไฟ, กระตุ้น"
2,852,special,adj.,สเปเชิล,พิเศษ
2,853,species,n.,สปีซีซฺ,"ชนิด, จำพวกรูปแบบ"
2,854,speech,n.,สปีช,"การพูด, คำบรรยาย, วาทะ"
2,855,speed limit,n.,สปีด ลิมิท,จำกัดความเร็ว
2,856,speed up,v.,สปีด อัพ,เร่งความเร็วเต็มที่
2,857,sphinx,n.,สฟิงคซฺ,ตัวซฟิงซ์
2,858,spice,n.,สไปซฺ,เครื่องเทศ
2,859,spill,v.,สปิล,"ทำหก, ทำล้น"
2,860,spin,v.,สปิน,"หมุน, ปั่น"
2,861,splash,v.,สแปลช,"สาด, กระจาย"
2,862,spoil,v.,สปอยลฺ,"ทำให้เสีย, เสื่อม"
2,863,sponsor,n.,สปอนเซอะ,"ผู้ส่งเสริม, ผู้สนับสนุน"
2,864,sprain,v.,สเปรน,"ทำเคล็ด, บิด"
2,865,spread,v.,สเปรด,กระจายไปทั่ว
2,866,sprint,n.,สปรินทฺ,การแข่งวิ่งเร็วในระยะสั้น
2,867,square,n.,สแควรฺ,สี่เหลี่ยมจัตุรัส
2,868,squash,v.,สควอช,"กด, บีบ"
2,869,squeeze,v.,สควิซ,"คั้น, บีบ, บีบบังคับ"
2,870,stadium,n.,สเตเดียม,สนามกีฬาขนาดใหญ่
2,871,staff,n.,สตาฟ,คณะเจ้าหน้าที่
2,872,stair,n.,สแตร์,บันได
2,873,stand on,v.,สแตนด์ ออน,ยืนหยัด
2,874,state,n.,สเตท,รัฐ
2,875,statement,n.,สเตทเมินทฺ,คำแถลง
2,876,statue,n.,สแตชชู,รูปปั้น
2,877,stay in,v.,สเต อิน,อยู่ในบ้าน
2,878,stay up,v.,สเต อัพ,"อยู่จนดึก, ไม่เข้านอน"
2,879,steal,v.,สตีล,ขโมย
2,880,steam,n.,สตีม,ไอน้ำ
2,881,step,n.,สเตพ,"ก้าว, ฝีเท้า"
2,882,step up,v.,สเตพ อัพ,ก้าวขึ้นไป
2,883,stereo,n.,สเตอริโอ,ระบบเสียงสเตริโอ
2,884,stew,v.,สตูว,"ตุ๋น, เคี่ยว"
2,885,still,adv.,สติล,"ยังคง, จนถึงบัดนี้"
2,886,stingy,adj.,สตินจี,"ขาดแคลน, ขี้เหนียว"
2,887,stocking,n.,สตอกกิง,ถุงน่อง
2,888,stomp,v.,สตอมพฺ,กระทืบ
2,889,stop sign,n.,สตอพ ไซนฺ,สัญลักษณ์หยุด
2,890,storage,n.,สตอริจ,การเก็บรักษา
2,891,stove,n.,สโตฟ,เตาไฟ
2,892,strange,adj.,สเตรนจฺ,"แปลก, ประหลาด"
2,893,stranger,n.,สเตรนเจอะ,คนแปลกหน้า
2,894,stress,v.,สเตรส,"เน้น, กออเสียงหนัก, ทำให้ตึงเครียด"
2,895,strict,adj.,สตริคทฺ,เข้มงวด
2,896,strongly,adv.,สตรองลี,อย่างแข็งแรง
2,897,stubborn,adj.,สตับเบิร์น,"ดื้อดึง, หัวแข็ง"
2,898,stupid,adj.,สติวปิด,"โง่, เซ่อ, บ้า"
2,899,subway,n.,ซับเว,รถไฟฟ้าใต้ดิน
2,900,success,n.,ซัคเซส,ความสำเร็จ
2,901,successful,adj.,ซัคเซสฟูล,ที่ประสบความสำเร็จ
2,902,suggest,v.,ซักเจสทฺ,เสนอแนะ
2,903,suggestion,n.,ซักเจสเชิน,"การแนะนำ, ข้อแนะนำ"
2,904,suitable,adj.,ซูทะเบิล,"เหมาะสม, เหมาะเจาะ"
2,905,suitcase,n.,ซูทเคส,กระเป๋าเสื้อผ้า
2,906,sunlight,n.,ซันไลทฺ,แสงแดด
2,907,superb,adj.,ซูเพิร์บ,ดีเลิศ
2,908,sure,n.,ชัวร์,"มั่นใจ, แน่ใจ"
2,909,surf,v.,เซิร์ฟฺ,โต้คลื่น
2,910,surprise,v.,เซอร์ไพรซฺ,ทำให้ประหลาดใจ
2,911,surprisingly,adv.,เซอร์ไพรซิงลี,อย่างแปลกใจ
2,912,surround,v.,เซอร์ราวนดฺ,ล้อมรอบ
2,913,survey,v.,เซอร์เว,สำรวจ
2,914,swallow,v.,สวอลโล,กลืน
2,915,sword,n.,ซอร์ด,ดาบ
2,916,tablet,n.,แทบบลิท,ยาเม็ดแบน
2,917,tailor,n.,เทลเลอะ,ช่างตัดเสื้อ
2,918,take away,v.,เทค อะเว,เอาไป
2,919,take care of,v.,เทค แคร์ ออฟ,ดูแล
2,920,take off,v.,เทค ออฟ,"จอด, ปลด, หยุดงาน, บินขึ้น (เครื่องบิน)"
2,921,take out,v.,เทค เอาทฺ,ดึงออก
2,922,talent,n.,แทลเลินทฺ,ความสามารถพิเศษ
2,923,talk about,v.,ทอล์ค อะเบาทฺ,พูดเกี่ยวกับ
2,924,tap,v.,แทพ,เคาะ
2,925,task,n.,ทาสคฺ,งานหนัก
2,926,taste,n.,เทสทฺ,"รส, มีรส, รสนิยม, ลิ้มรส"
2,927,tax,n.,แทกซฺ,ภาษี
2,928,technician,n.,เทคนิชเชิน,"นายช่าง, ผู้ทำงานห้องปฏิบัติการ"
2,929,technique,n.,เทคนิค,"เทคนิค, ความสามารถ, วิธีเฉพาะ"
2,930,technology,n.,เทคนอลโลจิ,วิชาช่างเกี่ยวกับอุตสาหกรรม
2,931,teenager,n.,ทีนเอจเจอะ,วัยรุ่น
2,932,telephone booth,n.,เทลละโฟน บูธ,ตู้โทรศัพท์
2,933,telescope,n.,เทลเลสโคพ,กล้องโทรทรรศน์
2,934,temperature,n.,เทมเพอระเชอะ,อุณหภูมิ
2,935,term,n.,เทิร์ม,"เวลาที่กำหนด, ภาคเรียน, สมัย"
2,936,textbook,n.,เทกซฺบุค,"ตำรา, แบบเรียน"
2,937,theme,n.,ธีม,"หัวข้อ, หัวเรื่อง, เนื้อหา"
2,938,then,adv.,เดน,"ตอนนั้น, ในครั้งนั้น, หลังจากนั้น"
2,939,thin face,n.,ธิน เฟค,ใบหน้าซูบผอม
2,940,think of,v.,ธิงคฺ ออฟ,"คิดถึง, ประดิษฐ์ขึ้น"
2,941,thought,n.,ธอท,ความคิด
2,942,thrill,n.,ธริล,ความรู้สึกตื่นเต้น
2,943,throat,n.,โธรท,ช่องคอ
2,944,through,prep.,ธรู,"ผ่าน, ทะลุผ่าน"
2,945,thunder,n.,ธันเดอะ,"ฟ้าร้อง, เสียงฟ้าร้อง"
2,946,thus,adv.,ธัส,"เช่นนี้, ดังนี้, ด้วยเหตุนี้"
2,947,tip,n.,ทิพ,เงินรางวัล
2,948,together,adv.,ทูเกทเธอะ,ด้วยกัน
2,949,tomb,n.,ทูม,หลุมฝังศพ
2,950,tone,n.,โทน,น้ำเสียง
2,951,topic,n.,ทอพพิค,หัวข้อ
2,952,total,n.,โทเทิล,จำนวนทั้งหมด
2,953,tough,adj.,ทัฟ,ยาก
2,954,tour guide,n.,ทัวร์ ไกดฺ,มัคคุเทศก์นำเที่ยว
2,955,toward,prep.,ทูเวิร์ด,"ไปสู่, ในเรื่องเกี่ยวกับ"
2,956,track,n.,แทรค,"ติดตาม, หนทาง, ลู่"
2,957,tractor,n.,แทรคเทอะ,รถลากขนาดใหญ่
2,958,trap door,n.,แทรพ ดอร์,ประตูกล
2,959,treat,v.,ทรีท,"รักษา, เยียวยา"
2,960,trend,n.,เทรนดฺ,"ทิศทาง, แนวทาง, สมัยนิยม"
2,961,triangular,n.,ไทรแองกิวละ,สามเหลี่ยม
2,962,trick,n.,ทริค,กลอุบาย
2,963,tricky,adj.,ทริคกี,"มีกลเม็ด, มีกลอุบาย"
2,964,trip,n.,ทริพ,การเดินทาง
2,965,tripod,n.,ไทรพอด,ขาตั้งสามขา
2,966,trout,n.,เทราทฺ,ปลาเทราท์
2,967,trumpet,n.,ทรัมเพท,แตร
2,968,try on,v.,ทราย ออน,"ลองสวมใส่, ทดลองใส่"
2,969,tune,n.,ทูน,ทำนองเพลง
2,970,tunnel,n.,ทันเนิล,"อุโมงค์, หลุม"
2,971,turn back,v.,เทิร์น แบค,หันหลังกลับ
2,972,turn down,v.,เทิร์น ดาวนฺ,"หรี่ลง, ลดให้น้อยลง, ปิด"
2,973,turning,n.,เทิร์นนิง,"การหมุน, การเลี้ยว"
2,974,turnip,n.,เทอนิพ,หัวผักกาด
2,975,twist,v.,ทวิสทฺ,"บิด, งอ, โค้ง"
2,976,type,n.,ไทพฺ,"รูปแบบ, ประเภท"
2,977,unclear,adj.,อันเคลียร์,ไม่ชัดเจน
2,978,underground,n.,อันเดอะกราวนดฺ,"ใต้ดิน, อยู่ใต้ดิน, รถไฟฟ้าใต้ดิน"
2,979,underline,v.,อันเดอะไลนฺ,ขีดเส้นใต้
2,980,underwater,adj.,อันเดอะวอเทอะ,ใต้น้ำ
2,981,unfriendly,adj.,อันเฟรนดฺลี,ไม่เป็นมิตร
2,982,uniform,adj.,ยูนิฟอร์ม,"เครื่องแบบ, ยูนิฟอร์ม"
2,983,unintelligent,adj.,อันอินเทลลิเจินทฺ,ไม่ฉลาด
2,984,union,n.,ยูเนียน,การรวมเข้าด้วยกัน
2,985,universe,n.,ยูนิเวิร์ส,จักรวาล
2,986,unlucky,adj.,อันลัคคี,โชคร้าย
2,987,untidy,adj.,อันไทดี,ไม่เป็นระเบียบ
2,988,until,conj.,อันทิล,จนกระทั่ง
2,989,unusual,adj.,อันยูสชวล,ผิดปกติ
2,990,update,v.,อัพเดท,ทำให้ทันสมัย
2,991,uphill,adj.,อัพฮิล,"ซึ่งลาดสูงขึ้น, ยากลำบาก"
2,992,upset,adj.,อัพเซท,"อารมณ์เสีย, เคือง"
2,993,upstairs,adv.,อัพสแตร์,ชั้นบน
2,994,used to,v.,ยูสทฺ ทู,เคย
2,995,usually,adj.,ยูสชวลลี,"เป็นธรรมเนียม, โดยปกติ"
2,996,vacation,n.,เวเคเชิน,วันหยุด
2,997,vacuum,v.,แวคคูม,สุญญากาศ
2,998,valley,n.,แวลลี,หุบเขา
2,999,vase,v.,เวส,"แจกัน, กระถาง, โถ"
2,1000,vegetarian,n.,เวทจิแทเรียน,คนที่กินแต่ผักเป็นอาหาร
2,1001,veterinarian,n.,เวทเทอะริแนเรียม,สัตวแพทย์
2,1002,view,n.,วิว,"มองดู, สายตา, ทิวทัศน์"
2,1003,village,n.,วิลลิจ,หมู่บ้าน
2,1004,vine,n.,ไวน์,ต้นองุ่น
2,1005,virus,n.,ไวเริส,เชื้อไวรัส
2,1006,visitor,n.,วิซิเทอะ,ผู้เยี่ยมเยียน
2,1007,vitamin,n.,ไวทะมิน,วิตามิน
2,1008,volunteer,n.,วอลเลินเทียร์,อาสาสมัคร
2,1009,vote,v.,โวท,"เลือกตั้ง, ออกเสียง"
2,1010,waist,n.,เวสทฺ,เอว
2,1011,wait for,v.,เวท ฟอร์,รอบางสิ่งบางอย่าง
2,1012,wait until,v.,เวท อันทิล,รอจนกว่า
2,1013,walk along,v.,วอล์ค อะลอง,เดินต่อไปเรื่อยๆ
2,1014,walk up,v.,วอล์ค อัพ,เดินขึ้น
2,1015,walk-down,n.,วอล์ค ดาวนฺ,ร้านค้าใต้ดิน
2,1016,wartime,n.,วอร์ไทมฺ,"เวลาสงคราม, ระหว่างมีสงคราม"
2,1017,wave,n.,เวฟ,คลื่น
2,1018,wedding,n.,เวดดิง,งานแต่งงาน
2,1019,well done,adj.,เวล ดัน,"ชำนาญ, ทำได้ดี"
2,1020,wheel,n.,วีล,ล้อ
2,1021,wheelchair,n.,วีลแชร์,รถเข็นสำหรับคนพิการ
2,1022,while,conj.,ไวลฺ,"ครู่, ประเดี๋ยว, ขณะ, ระหว่าง"
2,1023,whisper,v.,วิสเปอะ,กระซิบ
2,1024,whistle,n.,วิสเซิล,นกหวีด
2,1025,whole,adj.,โฮล,"สมบูรณ์, ทั้งหมด"
2,1026,wide,adj.,ไวดฺ,กว้าง
2,1027,widow,n.,วิโด,แม่ม่าย
2,1028,windsurfing,n.,วินดฺเซิร์ฟวิง,กีฬาวินด์เซิร์พ
2,1029,with,prep.,วิธ,"กับ, เกี่ยวกับ"
2,1030,within,prep.,วิธอิน,ภายใน
2,1031,without,prep.,วิธเอาทฺ,โดยปราศจาก
2,1032,wonder,v.,วันเดอะ,"งงงวย, ประหลาดใจ"
2,1033,wooden,adj.,วูดเดิน,ทำด้วยไม้
2,1034,wool,n.,วูล,"ขนปุย, ขนสัตว์"
2,1035,workout,n.,เวิร์คเอาทฺ,"การออกกำลังกาย, การทดลอง"
2,1036,workshop,n.,เวิร์คชอพ,"ห้องทำงาน, การประชุมเชิงปฏิบัติการ"
2,1037,wrap,v.,แวรพ,"ห่อ, พัน"
2,1038,wrist,n.,วริสทฺ,ข้อมือ
2,1039,wristwatch,n.,วริสทฺแบนดฺ,นาฬิกาข้อมือ
2,1040,write down,v.,ไวรทฺ ดาวนฺ,จดลง
2,1041,yard,n.,ยาร์ด,หลา
2,1042,yearbook,n.,เยร์บุค,"หนังสือประจำปี, หนังสือรุ่น"
2,1043,yet,adv.,เยท,"ยัง, ยังคง"
2,1044,zipper,n.,ซิพเพอะ,ซิป
3,1,abandon,v.,อะแบนเดิน,ทิ้ง
3,2,ability,n.,อะบิลละที,ความสามารถ
3,3,abnormal,adj.,แอบนอเมิล,ผิดปกติ
3,4,above all,adv.,อะบัฟ ออล,"สิ่งที่สำคัญที่สุด, เหนือสิ่งอื่นใด"
3,5,abroad,adv.,อะบรอร์ด,"ในต่างประเทศ, ไปต่างประเทศ"
3,6,absence,n.,แอบเซินซฺ,"การไม่อยู่, การขาด"
3,7,acceptable,adj.,แอคเซพทะเบิล,"ยอมรับได้, สามารถรับได้"
3,8,access,v.,แอดเซส,"ไปหาได้, เข้าถึง"
3,9,accessible,adj.,แอคเซสซิเบิล,ที่สามารถเข้าได้
3,10,accessory,n.,แอคเซสซะรี,"เครื่องประดับตามสมัยนิยม, สิ่งประกอบ"
3,11,accidentally,adv.,แอคซิเดนเทิลลี,"โดยบังเอิญ, อุบัติเหตุ"
3,12,accommodation,n.,อะคอมมะเดเชิน,"การตกลงกัน, สิ่งอำนวยความสะดวก"
3,13,accomplish,v.,อะคัมพลิช,"ทำสำเร็จ, บรรลุผล"
3,14,according to,prep.,อะคอร์ดิง ทู,"ตาม, ตามนั้น"
3,15,account,n.,อะเคานทฺ,"บัญชี, รายงาน"
3,16,accountant,n.,อะเคาเทินทฺ,นักบัญชี
3,17,accurately,adv.,แอคคิวเรทลี,อย่างแม่นยำ
3,18,achieve,v.,อะชีฟ,"บรรลุผล, ได้รับ"
3,19,achievement,n.,อะชีฟเมินทฺ,ความสำเร็จ
3,20,actually,adv.,แอคชวลลี,"ที่จริง, แท้จริง, โดยปกติแล้ว"
3,21,addict,n.,แอดดิคทฺ,"ผู้ที่ติดสารเสพติด, ผู้หมกมุ่น"
3,22,addiction,n.,อะดิคเชิน,"การบวก, การเพิ่มเข้ามา"
3,23,adjustable,adj.,อะจัสทะเบิล,สามารถปรับได้
3,24,administrative,adj.,แอดมินิสเตรทีฟ,ซึ่งเกี่ยวกับการปกครอง
3,25,admire,v.,แอดไมเออะ,"ชมเชย, ยกย่อง"
3,26,adoption,n.,อะดอพเชิน,"การรับ, การเลี้ยงเป็นลูก"
3,27,adulthood,n.,อะเดาทฺฮูด,ความเป็นผู้ใหญ
3,28,advantage,n.,แอดวานทิจ,"ความได้เปรียบ, คุณประโยชน์"
3,29,adventurous,adj.,แอดเวนเชอะเริส,ชอบผจญภัย
3,30,advice,n.,แอดไวซฺ,คำแนะนำ
3,31,advisable,adj.,แอดไวซะเบิล,"ซึ่งเป็นที่แนะนำ, ควรกระทำ"
3,32,aesthetic,adj.,อิสเธทิค,เกี่ยวกับความรู้สึกต่อความงาม
3,33,affect,v.,อะเฟคทฺ,"กระทบ, ส่งผล"
3,34,affection,n.,อะเฟคเชิน,"ความรักใคร่ไยดี, ความอบอ่น, ความชอบ"
3,35,affectionate,adj.,อะเฟคชะเนท,"เมตตา, ชอบ, รัก"
3,36,affirmative,n.,อะเฟอร์มะทีฟ,"การตอบรับ, คำยืนยัน"
3,37,against,prep.,อะเกนสทฺ,"ตรงกันข้าม, ต่อต้าน, ขัดแย้งกับ"
3,38,aggressive,adj.,อะเกรสซิฟ,"ก้าวร้าว, แข็งกร้าว"
3,39,agonizing,adj.,แอกะไนซิง,"อย่างปวดร้าวทรมาน, ทรมาน"
3,40,agriculture,n.,แอกริคัลเชอะ,การเกษตร
3,41,aid,n.,เอด,"ช่วยเหลือ, อุปถัมภ์"
3,42,aim,v.,เอม,"เล็ง, มุ่งหมาย"
3,43,airfare,n.,แอร์แฟร์,ราคาของการเดินทางโดยเครื่องบิน
3,44,aisle,n.,ไอเอิล,ทางเดินระหว่างที่นั่ง
3,45,alike,adj.,อะไลคฺ,เหมือนกัน
3,46,alley,n.,แอลลี,"ตรอก, ทาง"
3,47,ally,n.,อะไล,"สมาชิกในกลุ่ม, พันธมิตร"
3,48,alongside,prep.,อะลองไซดฺ,"ข้างๆ, อยู่ข้าง"
3,49,aloud,adv.,อะลาวดฺ,อย่างเสียงดัง
3,50,alter,v.,ออลเทอะ,เปลี่ยน
3,51,alternate,adj.,ออลเทอเนท,"สลับ, หมุนเวียน"
3,52,amateur,n.,อามะเทอะ,มือสมัครเล่น
3,53,ambitious,adj.,แอมบิเชิส,"อยาก, ทะเยอทะยาน"
3,54,ambush,n.,แอมบุช,"ผู้ที่ดักลอบทำร้าย, การซุ่มโจมตี"
3,55,amount,n.,อะเมานทฺ,"ปริมาณ, จำนวน"
3,56,amplifier,n.,แอมพลิฟายเอะ,เครื่องขยายเสียง
3,57,anger,n.,แองเกอะ,ความโกรธ
3,58,angular,adj.,แองกิวละ,มีมุม
3,59,anniversary,n.,แอนนิเวอร์ซารี,วันครบรอบปี
3,60,announcer,n.,อะเนาเซอะ,ผู้ประกาศ
3,61,annual,adj.,แอนนูเอิล,ประจำปี
3,62,anonymous,adj.,อะนอนิเมิส,นิรนาม
3,63,antique,n.,แอนทีค,โบราณวัตถุ
3,64,anyway,adv.,เอนนีเว,อย่างไรก็ตาม
3,65,apart,adv.,อะพาร์ท,"ต่างหาก, แยกจาก"
3,66,appetizer,n.,แอพิไทเซอะ,อาหารเรียกน้ำย่อย
3,67,application,n.,แอพพลิเคเชิน,"การสมัคร, การร้องขอ"
3,68,appoint,v.,อะพอยทฺ,แต่งตั้ง
3,69,appointment,n.,อะพอยทฺเมินทฺ,"การแต่งตั้ง, ตำแหน่ง"
3,70,appreciation,n.,อะพริชิเอเชิน,"ความกตัญญู, ความรู้สำนึกบุญคุณ"
3,71,appropriate,adj.,อะพรอพริเอท,"สมควร, เหมาะสม"
3,72,approve,v.,อะพรูฟ,"ยอมรับ, อนุมัติ"
3,73,approximately,adv.,อะพรอคซิเมทลี,"ประมาณ, คร่าวๆ"
3,74,aquatic,adj.,อะควาทิค,อาศัยหรือมีชีวิตอยู่ใต้นน้ำ
3,75,architectural,adj.,อะคิเทคชะเริล,ในเชิงสถาปัตยกรรม
3,76,architecture,n.,อาร์คิเทคเชอะ,สถาปัตยกรรม
3,77,argue,v.,อาร์กิว,โต้เถียง
3,78,argument,n.,อาร์กิวเมินทฺ,"ข้อโต้แย้ง, การโต้เถียง"
3,79,arrange,v.,อะเรนจฺ,"จัดการ, เตรียม"
3,80,arrival,n.,อะไรฟฺเวิล,การมาถึง
3,81,artificial,adj.,อาร์ทิฟิเชิล,"ซึ่งมนุษย์ทำขึ้น, ของเทียม"
3,82,artistic,adj.,อาร์ทิสติค,"เกี่ยวกับศิลปะ, มีรสนิยม"
3,83,ask about,v.,อาสคฺ อะเบาทฺ,ถามเกี่ยวกับ
3,84,aspect,n.,แอสเปคทฺ,"ลักษณะรูปร่างหน้าตา, มุมมอง"
3,85,assemble,v.,อะเซมเบิล,"รวบรวม, เข้าร่วม"
3,86,associate,v.,อะโซซิเอท,"เกี่ยวเนื่อง, เข้าร่วม"
3,87,association,n.,อะโซซิเอเชิน,สมาคม
3,88,athletic,adj.,แอธเลทิค,"มีร่างกายแข็งแรง, มีร่างกายเป็นนักกีฬา"
3,89,attach,v.,อะแททชฺ,"ติดกัน, ทำให้ติดกัน"
3,90,attempt,n.,อะเทมพฺ,ความพยายาม
3,91,attend,v.,อะเทนดฺ,"ไปร่วม, เข้าร่วม"
3,92,attendant,n.,อะเทนเดินทฺ,ผู้เข้าร่วม
3,93,attention,n.,อะเทนเชิน,ความสนใจ
3,94,attentive,adj.,อะเทนทิฟ,"เอาอกเอาใจ, เป็นห่วง"
3,95,attraction,n.,แอทแทรคเชิน,"การดึงดูด, สิ่งดึงดูดใจ"
3,96,auburn,n.,ออเบิร์น,สีน้ำตาลแดง
3,97,audition,n.,ออดิเชิน,"การทดสอบการแสดง, การได้ยิน"
3,98,augmentation,n.,ออกเมนเทเชิน,"การเพิ่มขึ้น, สิ่งที่เพิ่ม"
3,99,authentic,adj.,ออเธนทิค,"เชื่อได้อย่างแน่นอน, แท้จริง"
3,100,author,n.,ออเธอะ,ผู้ประพันธ์
3,101,authority,n.,ออธอระที,"เจ้าหน้าที่, ผู้มีอำนาจ"
3,102,autograph,n.,ออทะกราฟ,ลายมือ
3,103,automatic,adj.,ออทะแมทิค,อัตโนมัติ
3,104,automatically,adv.,ออทะแมทิคลี,โดยอัตโนมัติ
3,105,available,adj.,อะเวละเบิล,"ว่าง, ใช้ประโยชน์, หาได้, มีอยู่"
3,106,avoid,v.,อะวอยดฺ,"หลบหลีก, หลีกเลี่ยง"
3,107,await,v.,อะเวท,"คอย, เผ้าคอย"
3,108,backward,adv.,แบคเวิร์ด,"ถอยหลัง, ย้อนหลัง, ไปทางหลัง"
3,109,ban,v.,แบน,ห้าม
3,110,bandstand,n.,แบนดฺสแตนดฺ,เวทีแสดงดนตรีที่ยกสูงขึ้นจากพื้น
3,111,bargain,n.,บาร์เกิน,"การติดต่อซื้อขาย, การต่อรองราคา"
3,112,basement,n.,เบสเมินทฺ,ห้องใต้ถุนตึก
3,113,basis,n.,เบซิส,พื้นฐาน
3,114,befit,v.,บิฟิท,เหมาะสมกับ
3,115,behave,v.,บิเฮฟ,"ประพฤติตน, กระทำตัว"
3,116,belief,n.,บิลีฟ,ความเชื่อ
3,117,benefit,n.,เบนิฟิท,ผลประโยชน์
3,118,bent,adj.,เบนทฺ,คดงอ
3,119,beyond,prep.,บิยอนดฺ,"ไกลออกไป, ถัดไป, นอกเหนือไปกว่านี้"
3,120,bizarre,adj.,บิซาร์,"ประหลาด, วิตถาร"
3,121,blind,adj.,ไบลนดฺ,"บอด, ตาบอด"
3,122,blink,v.,บลิงคฺ,"กระพริบตา, ขยิบตา"
3,123,bond,n.,บอนดฺ,"ความเกี่ยวพัน, ข้อผูกมัด"
3,124,botanical,adj.,โบแทนิเคิล,เกี่ยวกับพืช
3,125,brace,n.,เบรซ,"เสาค้ำ, รัด, มัด"
3,126,brainstorm,v.,เบรนสตอร์ม,ระดมความคิด
3,127,bravery,n.,เบรฟวะรี,"ความกล้าหาญ, การไม่กรงกลัว"
3,128,breakdown,n.,เบรกดาวนฺ,"ความล้มเหลว, การเลิกล้ม"
3,129,breakthrough,n.,เบรกธรู,การพัฒนาหรือการค้นพบที่ยิ่งใหญ
3,130,breathtaking,adj.,เบรธเทคคิง,"น่างงงวย, น่าใจหาย, น่าทึ่ง"
3,131,brightly,adv.,ไบรทฺลี,มีชีวิตชีวา
3,132,broadcast,v.,บรอดคาสทฺ,"กระจายข่าว, กระจายเสียง"
3,133,bulldozer,n.,บูลดอเซอะ,รถแทรกเตอร์เกลี่ยดิน
3,134,bulletin,n.,บูละทิน,"แถลงการณ์, รายงานข่าว"
3,135,bummer,n.,บัมเมอะ,"สิ่งที่ไม่น่ารื่นรมย์, สิ่งที่รำคาญใจ"
3,136,bump,v.,บัมพฺ,"กระทบ, ชน"
3,137,bundle,n.,บันเดิล,"มัด, ห่อ, พวง, กลุ่ม, กอง"
3,138,burial,n.,บูเริล,"พิธีฝังศพ, การฝังศพ"
3,139,butler,n.,บัทเลอะ,"หัวหน้าคนใช้, พ่อบ้าน"
3,140,cabinet,n.,แคบิเนิท,คณะรัฐมนตรี
3,141,call off,v.,คอล ออฟ,"ยกเลิก, เลื่อน"
3,142,call out,v.,คอล เอาทฺ,"ตะโกนเรียก, เรียกให้ช่วย"
3,143,call up,v.,คอล อัพ,"ปลุกให้ตื่น, ทำให้นึกถึง"
3,144,calling,n.,คอลลิง,"การเรียกร้อง, การเยี่ยมไปมาหาสู่"
3,145,campaign,n.,แคมเพน,"การรณรงค์, การหาเสียง"
3,146,candidate,n.,แคนดิเดท,ผู้สมัคร
3,147,capable,adj.,เคพพะเบิล,ที่สามารถทำได้
3,148,caption,n.,แคพเชิน,"คำบรรยายใต้ภาพ, หัวข้อ, ข้อความจ่าหน้าซอง"
3,149,carefully,adv.,แคร์ฟูลลี,อย่างระมัดระวัง
3,150,castaway,n.,คาสตะเว,คนที่เรืออับปาง
3,151,catapult,v.,แคททะพัลทฺ,"กระทุ้ง, ยิงกระสุน, ยิงขีปนาวุธ"
3,152,category,n.,แคททะกอรี,"การจัดลำดับ, ประเภท, ลำดับ"
3,153,cautious,adj.,คอเชิส,"รอบคอบ, ระมัดระวัง"
3,154,ceremony,n.,เซระโมนี,พิธี
3,155,certainly,adv.,เซอเทินลี,"ไม่ต้องสงสัย, แน่นอน"
3,156,challenge,n.,ชาลินจฺ,การท้าทาย
3,157,challenging,adj.,ชาลินจิง,"ซึ่งท้าทาย, ยั่วเย้า"
3,158,champion,n.,แชมพฺเพียน,ผู้ชนะเลิศ
3,159,championship,n.,แชมพฺเพียนชิพ,ตำแหน่งผู้ชนะเลิศ
3,160,chandelier,n.,แชนดะเลีย,โคมไฟระย้า
3,161,changeable,adj.,เชนจะเบิล,"เปลี่ยนแปลงได้, ไม่แน่นอน"
3,162,character,n.,แคแรคเทอะ,"อุปนิสัย, ลักษณะ, ตัวอักษร"
3,163,characteristic,n.,แคแรคเทอริสติค,"นิสัยประจำตัว, ลักษณะเฉพาะ"
3,164,charitable,adj.,แชริทะเบิล,"ใจบุญ, ใจกว้าง"
3,165,charity,n.,แชระที,"การกุศล, การทำทาน, ใจบุญ"
3,166,chemical,adj.,เคมมิเคิล,เกี่ยวกับสารเคมี
3,167,childhood,n.,ชายดฺฮูด,"ความเป็นเด็ก, เวลาเป็นเด็ก"
3,168,chronological,adj.,โครนะลอจิเคิล,ตามลำดับเหตุการณ์
3,169,circumstance,n.,เซอคัมสเตินซฺ,สภาวะแวดล้อม
3,170,claim,n.,เคลม,"เรียกร้อง, อ้างสิทธิ์"
3,171,clarification,n.,แคระฟิเคเชิน,"การทำให้สว่าง, การทำให้หมดสงสัย"
3,172,classify,v.,คลาสสิฟาย,"จำแนกแยกแยะ, จัดให้เป็นหมวดหมู"
3,173,cloak,n.,โคลค,เสื้อคลุมหลวมๆ
3,174,clockwise,adv.,คลอคไวซฺ,หมุนตามเข็มนาฬิกา
3,175,clove,n.,โคลฟ,"กลับกระเทียม, กานพลู"
3,176,clumsy,adj.,คลัมซี,ซึ่มซ่าม
3,177,cobbler,n.,คอบเบลอะ,ช่างซ่อมหรือทำรองเท้า
3,178,coincidence,n.,โคอินซิเดินทฺ,ที่เกิดขึ้นในเวลาเดียวกัน
3,179,colleague,n.,คอลลีค,เพื่อร่วมงาน
3,180,colony,n.,โคละนี,"กลุ่ม, ประชาชนในอาณาจักร"
3,181,combine,v.,คัมไบนฺ,รวมกัน
3,182,come out with,v.,คัม เอาทฺ วิธ,"ก่อให้เกิด, คิดค้น, ประดิษฐ, ประกาศ"
3,183,comedy film,n.,คอมมีดี ฟิล์ม,หนังตลก
3,184,comfortable,adj.,คัมฟฺทะเบิล,"สบาย, สุขกายสุขใจ"
3,185,command,n.,คะมานดฺ,คำสั่ง
3,186,commentator,n.,คอมเมินเมเมอะ,"ผู้วิจารณ์, ผู้อธิบาย"
3,187,commercial,adj.,คะเมอเชิล,เกี่ยวกับการค้า
3,188,committee,n.,คะมิทที,คณะกรรมการ
3,189,community,n.,คัมมิวนะที,ชุมชน
3,190,commute,v.,คัมมิวทฺ,เดินทางไปกลับ
3,191,comparison,n.,คัมแพริซเซิน,การเปรียบเทียบ
3,192,compete,v.,คัมพีท,แข่งขัน
3,193,competition,n.,คอมพิทีชเชิน,การแข่งขัน
3,194,competitive,adj.,คัมเพททะทีฟ,เกี่ยวกับการแข่งขัน
3,195,complain,v.,ตัมเพลน,"ร้องทุกข์, บ่น"
3,196,complete,adj.,คัมพลีท,"สมบูรณ์, ที่เสร็จสิ้น"
3,197,completely,adv.,คัมพลีทลี,อย่างสมบูรณ
3,198,complex,adj.,คอมเพลกซฺ,ที่สลับซับซ้อน
3,199,compliment,n.,คอมพลิเมินทฺ,คำสรรเสริญ
3,200,complimentary,adj.,คอมพลิเมนทรี,ซึ่งชมเชย
3,201,composer,n.,คัมโพเซอะ,ผู้แต่ง
3,202,composition,n.,คอมพะซิสเชิน,"องค์ประกอบ, การประพันธ์"
3,203,comprehension,n.,คอมพริเฮนเชิน,ความเข้าใจ
3,204,compromise,v.,คอมพระไมซฺ,"ประนีประนอม, ยอม"
3,205,concentrate,v.,คอนเซนเทรท,"ตั้งอกตั้งใจ, เพ่งเล่ง, จดจ่อ"
3,206,concern,n.,คันเซิร์น,"ความเป็นห่วง, ความเกี่ยวข้อง"
3,207,conditional,adj.,คันดิชเชินเนิล,ที่มีเงื่อนไข
3,208,condor,n.,คอนดอร์,นกจำพวกแร้ง
3,209,conductor,n.,คันดัคเทอะ,"นายวงดนตรี, ผู้คุมวงดนตรี"
3,210,conference,n.,คอนฟะเรินซฺ,"การสัมนา, การประชุม"
3,211,confess,v.,คันเฟส,"สารภาพผิด, ยอมรับผิด"
3,212,conquer,v.,คองเคอะ,"พิชิต, ปราบ, เอาชนะ"
3,213,conscious,adj.,คอนเชิส,"ซึ่งมีจิตสำนึก, มีสติ"
3,214,consent,v.,คันเซนทฺ,"อนุญาต, เห็นด้วย, ยอมรับ"
3,215,conservation,n.,คอนซะเวเชิน,การอนุรักษ์
3,216,consider,v.,คันซีเดอะ,"พิจารณา, คิด"
3,217,considerate,adj.,คันซิดดะเรท,"ที่เกรงใจ, เห็นอกเห็นใจ"
3,218,consist of,v.,คันซิสทฺ ออฟ,ประกอบด้วย
3,219,constancy,n.,คอนสเตินซี,"ความจงรักภักดี, ความแน่วแน่"
3,220,construction,n.,คันสตรัคเชิน,การก่อสร้าง
3,221,consumer,n.,คันซูมเมอะ,ผู้บริโภค
3,222,contact,n.,คอนแทคทฺ,"การพบปะ, การติดต่อ"
3,223,content,n.,คอนเทนทฺ,"เนื้อหา, สารบัญ, ปริมาณความจุ"
3,224,contestant,n.,คันเทสเทินทฺ,ผู้เข้าร่วมการแข่งขัน
3,225,context,n.,คอนเทกซฺ,บริบท
3,226,contraction,n.,คันแทรคเชิน,"การย่อให้สั้นลง, การติดต่อ"
3,227,contribute,v.,คันทริบิวทฺ,"ให้, บริจาค, ให้เพื่อช่วยเหลือ"
3,228,contribution,n.,คอนทริบิวเชิน,"การบริจาค, การช่วยเหลือ"
3,229,controversial,adj.,คอนทระเวอร์เชิล,ซึ่งก่อให้เกิดการโต้แย้ง
3,230,convenience,n.,คันวีเนียนทฺ,ความสะดวก
3,231,convenient,adj.,คันวีเนียนทฺ,สะดวก
3,232,conventional,adj.,คันเวนชะเนิล,ประเพณีนิยม
3,233,convertible,adj.,คันเวอทะเบิล,ที่สามารถเปลี่ยนแปลงได้
3,234,correspondence,n.,คอเรสปอนเดินซฺ,"ความสอดคล้อง, การติดต่อกันทางจดหมาย"
3,235,council,n.,เคานฺเซิล,"สภา, คณะผู้แทน"
3,236,counsel,v.,เคานฺเซิล,"การให้คำแนะนำ, ปรึกษา"
3,237,counselor,n.,เคานฺเซิลเลอะ,ผู้ให้คำปรึกษา
3,238,courage,n.,เคอริจ,ความกล้าหาญ
3,239,courtesy,n.,เคิร์ททะซี,"ความสุภาพ, มารยาท, อัธยาศัยดี"
3,240,crater,n.,เครเทอะ,ปากปล่องภูเขาไฟ
3,241,crawl,v.,ครอวลฺ,"คลาน, เลื้อย, แล่นคลาน"
3,242,craze,n.,เครซ,"ความหลงใหลคลั่งไคล, สิ่งที่คลั่งไคล้กัน"
3,243,create,v.,ครีเอท,สร้างสรรค
3,244,creature,n.,ครีเชอะ,"สิ่งมีชีวิต, สิ่งสร้างสรรค์"
3,245,credit,n.,เครดดิท,"ความเชื่อถือ, เงินเชื่อ"
3,246,crime,n.,ไครมฺ,อาชญากรรม
3,247,criminal,n.,คริมิเนิล,"ผู้ร้าย, อาชญากร"
3,248,critic,n.,คริทิค,นักวิจารณ์
3,249,criticism,n.,คริทิซิสเซิม,"บทวิจารณ์, การวิจารณ์"
3,250,criticize,v.,คริทิไซซฺ,วิพากษ์วิจารณ์
3,251,cross out,v.,ครอส เอาทฺ,ขีดออก
3,252,crucial,adj.,ครูเชิล,"เด็ดขาด, ซึ่งชี้ขาด, รุนแรง"
3,253,culinary,adj.,คะลินารี,"เกี่ยวกับการทำอาหาร, เกี่ยวกับครัว"
3,254,cultural,adj.,คัลเชอะเริล,เกี่ยวกับวัฒนธรรม
3,255,culture shock,n.,คัลเชอะ ชอค,การปรับตัวทางวัฒนธรรมไม่ได้
3,256,curator,n.,คิวเรเทอะ,หัวหน้าผู้ดูแลพิพิธภัณฑ์
3,257,cure,v.,คิวเออะ,รักษา
3,258,curious,adj.,คิวเรียส,อยากรู้อยากเห็น
3,259,current,adj.,เคอเรนทฺ,"ซึ่งเกิดขึ้นอยู่, ที่ใช้กันอยู่ในปัจจุบัน"
3,260,curricular,adj.,เคอริคคิวละ,หลักสูตร
3,261,custom,n.,คัสเติม,"ประเพณี, กิจวัตร"
3,262,cypress tree,n.,ไซเพรส ทรี,ต้นไม้จำพวกสน
3,263,database,n.,เดเทอะเบส,ฐานข้อมูล (ทางคอมพิวเตอร )
3,264,daybreak,n.,เดเบรก,ฟ้าสาง
3,265,deal with,v.,ดีล วิธ,"ค้าขายกับ, ซื้อขายกับ, ตกลงกับ"
3,266,dealer,n.,ดีลเลอะ,"ผู้ติดต่อ, พ่อค้า"
3,267,debate,v.,ดีเบท,โต้วาที
3,268,debt,n.,เดท,หนี้สิน
3,269,decade,n.,เดคเคท,"ทศวรรษ, สิบปี"
3,270,decisive,adj.,ดีไซซีฟ,"เด็ดเดี่ยว, เด็ดขาด"
3,271,declaration,n.,เดคละเรเชิน,คำประกาศ
3,272,declare,v.,ดีแคลร์,ประกาศ
3,273,decompose,v.,ดีคัมโพสทฺ,ทำให้เน่าเปื่อย
3,274,deduction,n.,ดีดัคเชิน,"การอนุมาน, การหักลบ"
3,275,defend,v.,ดีเฟนดฺ,ป้องกัน
3,276,defense,n.,ดีเฟนซฺ,"การคุ้มครอง, การป้องกัน"
3,277,define,v.,ดีไฟนฺ,"นิยาม, อธิบาย, กำหนด"
3,278,definite,adj.,เดฟฟิเนิท,แน่นอน
3,279,definitely,adv.,เดฟฟิเนิทลี,อย่างแน่นอน
3,280,definition,n.,เดฟฟินิชเชิน,"คำจำกัดความ, คำอธิบาย"
3,281,delicacy,n.,เดลลิคะซี,"ของประณีต, ความบอบบาง"
3,282,deliver,v.,ดิลิฟเวอะ,"ปล่อย, ส่ง, นำส่ง"
3,283,demand,n.,ดิมานดฺ,"ความต้องการ, อุปสงค์"
3,284,demanding,adj.,ดิมานดิง,ที่เรียกร้องมากเกินควร
3,285,demonstration,n.,เดมเมินสเตรเชิน,การสาธิต
3,286,depart,v.,ดิพาร์ท,ออกเดินทาง
3,287,departure,n.,ดิพาร์ทเชอะ,"การออกเดินทาง, การจากไป"
3,288,depend,v.,ดิเพนดฺ,"ขึ้นอยู่กับ, เชื่อถือ, พึ่ง"
3,289,depressed,adj.,ดิเพรสทฺ,"เศร้าหมอง, ซึมเศร้า, ตกต่ำ"
3,290,describe,v.,ดิสไครบฺ,"บรรยาย, อธิบาย"
3,291,description,n.,ดิสสคริพเชิน,คำอธิบาย
3,292,desperate,adj.,เดสพะเรท,ซึ่งสิ้นหวัง
3,293,desperation,n.,เดสพะเรเชิน,ความสิ้นหวัง
3,294,despite,prep.,ดิสไปทฺ,ถึงอย่างไรก็ตาม
3,295,destination,n.,เดสติเนเชิน,จุดหมายปลายทาง
3,296,determination,n.,ดิเทอมิเนเชิน,ความมุ่งมั่น
3,297,development,n.,ดิเวลเลิพเมินทฺ,การพัฒนา
3,298,devise,v.,ดิไวซฺ,"ประดิษฐ์, คิดค้นขึ้นใหม่"
3,299,devote,v.,ดิโวท,อุทิศ
3,300,diagonally,adv.,ไดแอคกะเนิลลี,"ตามขวาง, แนวทแยง"
3,301,differ,v.,ดิฟเฟอะ,แตกต่างจาก
3,302,dilemma,n.,ดิเลมมะ,"สภาวะลำบาก, สภาวะวิกฤติ"
3,303,dipper,n.,ดิพเพอะ,กระบวย
3,304,disable,v.,ดิสเอเบิล,ทำให้ไร้ความสามารถ
3,305,disadvantage,n.,ดิสอัดแวนทิจ,"ความเสียเปรียบ, ข้อเสีย"
3,306,discount,n.,ดิสเคานทฺ,"การลดราคา, การแลก, ส่วนลด"
3,307,discourage,v.,ดิสเคอริจ,ทำให้เสียกำลังใจ
3,308,discuss,v.,ดิสกัส,อภิปราย
3,309,disease,n.,ดิซีส,"โรค, การเจ็บไข้ได้ป่วย"
3,310,disrespect,n.,ดิสริสเปคทฺ,การขาดความเคารพนับถือ
3,311,disrespectful,adj.,ดิสริสเปคทฺฟูล,ขาดความเคารพ
3,312,dissolve,v.,ดิสซอลฟฺ,"ละลาย, ยุบ"
3,313,distance,n.,ดิสเตินซฺ,"ระยะทาง, ระยะห่าง, ความห่างไกล"
3,314,distraught,adj.,ดิสทรอท,ว้าวุ่นใจ
3,315,distribute,v.,ดิสทริบิวทฺ,แจกจาย
3,316,disturb,adj.,ดิสเทิร์บ,"กวน, รบกวน"
3,317,diversity,n.,ไดเวอร์ซะที,ความหลากหลาย
3,318,division,n.,ดิวิชเชิน,"การแบ่ง, การแบ่งแยก"
3,319,divorce,v.,ดิวอส,"หย่า, แยก"
3,320,document,n.,ดอค,"เอกสาร, พยานหลักฐาน"
3,321,documentary,n.,ดอคคิวเมนทรี,ภาพยนต์สารคดี
3,322,dominant,adj.,ดอมิเนินทฺ,"ซึ่งครอบงำ, มีอิทธิพลต่อ"
3,323,doubt,v.,เดาบทฺ,"ข้องใจ, แคลงใจ, ลังเล"
3,324,downhill,adv.,ดาวนฺฮิล,"ซึ่งตกไปสู่ด้านล่าง, ลงเขา, ตกต่ำ"
3,325,draft,n.,ดราฟทฺ,ฉบับร่าง
3,326,drag,v.,แดรก,"ลาก, การอัดควันบุหรี่เข้าปอด"
3,327,dramatics,adj.,ดระแมทิคซฺ,ศิลปการละคร
3,328,dramatist,n.,แดรมะทิสทฺ,"นักเขียนบทละคร, การแสดงละคร"
3,329,dune,n.,ดูน,เนินทราย
3,330,duration,n.,ดิวเรเชิน,"ระยะเวลา, ช่วงเวลา"
3,331,dwelling,n.,ดเวลลิง,ที่อยู่อาศัย
3,332,dye,v.,ดาย,"ย้อม, สีสำหรับย้อม"
3,333,dynamic,adj.,ไดแนมิค,"คล่องแคล่ว, มีพลัง"
3,334,ecological,adj.,อิคคะลอจิเคิล,เกี่ยวกับวิชานิเวศวิทยา
3,335,economic,adj.,อิคคะนอมิค,เกี่ยวกับเศรษฐกิจ
3,336,edition,n.,อิดิชเชิน,"ฉบับพิมพ์ครั้งที่, การพิมพ์"
3,337,editor,n.,เอดิทเทอะ,บรรณาธิการ
3,338,editorial,n.,เอดิทอเรียล,บทบรรณาธิการ
3,339,educational,adj.,เอดจุเคเชินนอล,เกี่ยวกับการศึกษา
3,340,effect,n.,อิเฟคทฺ,ผลกระทบ
3,341,effective,adj.,อิเฟคทิฟ,ได้ผลดี
3,342,efficient,adj.,อิฟิชเชินทฺ,"สมรรถภาพ, สามารถ"
3,343,effort,n.,เอฟเฟิร์ท,ความพยายาม
3,344,either,conj.,ไอเธอะ/อีธเธอะ,"ถ้าไม่...ก็..., ไม่อันไดก็อันหนึ่ง"
3,345,elaborate,adj.,อิแลบบะเรท,"บรรจงทำ, ประณีต, ต่อเติมให้ละเอียด"
3,346,elderly,adj.,เอลเดอะลี,สูงอายุ
3,347,elementary,adj.,เอลละเมนทะรี,"เบื้องต้น, พื้นฐาน, ระดับประถมศึกษา"
3,348,elevator,n.,เอลละเวเทอะ,ลิฟท์
3,349,eligible,adj.,เอลลิจะเบิล,มีคุณสมบัติเหมาะสม
3,350,eliminate,v.,อิลิมมะเนท,"ขจัด, กำจัดออก"
3,351,elite,n.,อิลิท,"กลุ่มคนชั้นพิเศษ, คนชั้นสูง"
3,352,embarrass,v.,เอมแบเริส,"ทำให้ขวยเขิน, ทำให้อาย"
3,353,embarrassed,adj.,เอมแบเริสทฺ,"อาย, ขวยเขิน"
3,354,emotion,n.,อิโมเชิน,อารมณ์
3,355,emotional,adj.,อิโมเชินเนิล,เกี่ยวกับอารมณ์
3,356,emotionally,adv.,อิโมเชินเนิลลี,"อย่างมีความรู้สึก, อย่างมีอารมณ์"
3,357,emperor,n.,เอมพะเรอะ,จักรพรรดิ
3,358,empire,n.,เอมไพเออะ,อาณาจักร
3,359,enable,v.,เอนเนเบิล,"สามารถ, ทำให้สามารถ"
3,360,encounter,v.,อินเคานฺเทอะ,"ต่อสู้, เผชิญหน้า"
3,361,encourage,v.,อินเคอริจ,"สนับสนุน, ช่วยเหลือ, กระตุ้น, ให้กำลังใจ"
3,362,endanger,v.,อินเดนเจอะ,"ทำให้ได้รับอันตราย, ทำให้เป็นภัย"
3,363,endurance,n.,เอนดิวเรินซฺ,"คงทน, ทนทาน, ยืนยง, อดทน"
3,364,energetic,adj.,เอนเนอเจททิค,"ว่องไว, กระตือรือร้น"
3,365,engine,n.,เอนจิน,เครื่องยนต์
3,366,enhance,v.,อินฮานซฺ,"ทำให้สูงขึ้น, เพิ่มพูน"
3,367,enormous,adj.,อินอเมิส,ที่ใหญ่มหึมา
3,368,ensemble,n.,เอนเซมเบิล,"ทั้งชุด, ทั้งหมดทั้งมวล"
3,369,enterprise,n.,เอนเทอไพรซฺ,บริษัท
3,370,entire,adj.,เอนไทเออะ,ทั้งหมด
3,371,entirely,adv.,เอนไทเออะลี,โดยสิ้นเชิง
3,372,entrepreneur,n.,เอนทระพระเนอ,นักลงทุน
3,373,equally,adv.,อิควอเออะลี,อย่างเท่าเทียมกัน
3,374,equation,n.,อิคเควเชิน,สมการ
3,375,equip,v.,อิควิพ,"ตระเตรียม, จัดหา, ติดตั้ง"
3,376,equipment,n.,อีควิปเมินทฺ,"การจัดเตรียม, อุปกรณ์"
3,377,escalator,n.,เอสคะเลเทอะ,บันไดเลื่อน
3,378,especially,adv.,อิสสเปเชิลลี,"อย่างพิเศษ, โดยเฉพาะ"
3,379,essential,adj.,อิสเซนเชิล,"จำเป็น, มีสาระ"
3,380,establish,v.,อิสแทบบริช,"สร้าง, สถาปนา, ก่อตั้ง"
3,381,ethics,n.,เอธธิค,หลักจริยธรรม
3,382,etiquette,n.,เอททิเคิท,"มารยาท, สมบัติผู้ดี"
3,383,evaluation,v.,อีแวลลิวเอเชิน,ประเมินผล
3,384,evaporate,v.,อีแวพพะเรท,ทำให้ระเหย
3,385,examination,n.,อิกแซมมะเนเชิน,"การสอบ, การสอบสวน"
3,386,excitement,n.,อิกไซเมินทฺ,สิ่งที่น่าตื่นเต้น
3,387,exclamation,n.,อิกซฺคละเมเชิน,การร้องอุทาน
3,388,exclusive,adj.,เอคซฺคลูซีฟ,"แต่ผู้เดียว, ผูกขาด, เฉพาะตัว"
3,389,exclusively,adv.,เอคซฺคลูซีฟลี,"โดยผู้เดียว, แต่เพียงผู้เดียว"
3,390,exhaust,v.,เอกซอสทฺ,"ใช้หมด, ทำให้อ่อนเพลีย"
3,391,exhaustive,adj.,เอกซอสทิฟ,"ซึ่งใช้หมด, ซึ่งทำให้หมดกำลัง"
3,392,exhibit,n.,อิกซิบิท,"ของที่แสดง, หลักฐาน, นิทรรศการ"
3,393,exhilaration,v.,อิกซิละเรเชิน,"การทำให้มีชีวิตชีวา, ความรื่นเริง"
3,394,expenditure,v.,อิกซเปนดิเชอะ,รายจ่าย
3,395,expense,n.,อิกซเปนซฺ,ค่าใช้จ่าย
3,396,experiment,n.,อิกซฺเปอริเมินทฺ,การทดลอง
3,397,expression,n.,อิกซเปรสเชิน,"การแสดงออก, การแสดงความรู้สึก"
3,398,extensive,adj.,อิกซเตนซีฟ,กว้างขวาง
3,399,extensively,adv.,อิกซเตนซีฟลี,อย่างกว้างขวาง
3,400,extinct,adj.,อิกซติงทฺ,สูญพันธุ์
3,401,extinction,n.,อิกซติงเชิน,การสูญพันธุ์
3,402,extracurricular,adj.,เอกซตราเคอริคิวละ,พิเศษนอกหลักสูตร
3,403,extreme,adj.,อิกซตรีม,"สุดขีด, เกินขอบเขต"
3,404,extremely,adv.,อิกซตรีมลี,อย่างยิ่งยวด
3,405,fascinate,v.,ฟาสซิเนท,ทำให้หลงใหล
3,406,fate-line,n.,เฟท ไลนฺ,เส้นชีวิต
3,407,fatten,v.,แฟทเทิน,ทำให้อ้วน
3,408,fault,n.,ฟอลทฺ,"ความผิดพลาด, ข้อบกพร่อง"
3,409,feral,adj.,เฟอเริล,"ไม่เชื่อง, ดุร้าย"
3,410,fertilizer,n.,เฟอทะไลเซอะ,ปุ๋ย
3,411,fianc,n.,ฟิอานเซ,คู่หมั้น
3,412,fiesta,n.,ฟีเอสตะ,"วันเทศกาล, วันนักขัตฤกษ์"
3,413,filter,n.,ฟิลเทอะ,เครื่องกรอง
3,414,find out,v.,ไฟนดฺ เอาทฺ,ค้นพบ
3,415,flax,n.,แฟลกซฺ,"ป่าน, ปอ"
3,416,flock,n.,ฟลอค,ฝูงชน
3,417,footprint,n.,ดอคคูเมินทฺ,รอยเท้า
3,418,force,n.,ฟอร์ซ,กองกำลัง
3,419,foreman,n.,ฟอร์เมิน,หัวหน้าคนงาน
3,420,formation,n.,ฟอร์เมเชิน,การก่อรูปแบบ
3,421,fortune,n.,ฟอร์ชูน,"โชค, ทรัพย์สมบัติ"
3,422,frankly,adv.,แฟลงคี,อย่างตรงไปตรงมา
3,423,frantically,adv.,แฟลนทิคลี,อย่างไม่สามารถคุมอารมณ์ได้
3,424,fraud,n.,ฟรอด,คนหลอกลวง
3,425,frighten,v.,ไฟรเทิน,"เขย่าขวัญ, ทำให้กลัว"
3,426,frown,v.,ฟราวนฺ,"แสดงความไม่พอใจ, ทำหน้าบึ้ง"
3,427,frustrated,adj.,ฟรัสเตรททิด,ท้อแท
3,428,frustration,n.,ฟรัสเตรชเชิน,"ความผิดหวัง, ความไม่พอใจ, ความขัดข้องใจ"
3,429,full-time,adj.,ฟูล ไทมฺ,เต็มเวลา
3,430,fully,adv.,ฟูลลี,เต็มที่
3,431,fund,n.,ฟันดฺ,ทุน
3,432,furious,adj.,ฟิวเรียส,เต็มไปด้วยความโกรธ
3,433,gardener,n.,การ์เดินเนอะ,ชาวสวน
3,434,garment,n.,การ์เมินทฺ,เสื้อผ้า
3,435,gather,v.,แกธเธอะ,"รวบรวม, นำไปรวม, เก็บ, ชุมนุม"
3,436,gaze,n.,เกซ,การเพ่งมอง
3,437,germ,n.,เจิร์ม,"เชื้อจุลนทรีย์, เชื้อโรค"
3,438,giggle,v.,กิกเกิล,หัวเราะคิกคัก
3,439,glimpse,n.,กลิมซฺ,การมองเห็นเพียงแวบเดียว
3,440,goggle,n.,กอกเกิล,แว่นตากันลม
3,441,gourmet,n.,กัวเม,นักชิมอาหาร
3,442,govern,v.,กัฟเวิน,ปกครอง
3,443,government,n.,กัฟเวินเมินทฺ,รัฐบาล
3,444,grasp,v.,แกรสพฺ,"จับ, ฉวย, คว้า"
3,445,grease,n.,กรีซ,"น้ำมัน, จาระบี"
3,446,grid,n.,กริด,ตะแกรง
3,447,grief,n.,กรีฟ,ความเศร้าโศก
3,448,ground rule,n.,กราวนดฺ รูล,กฎพื้นฐาน
3,449,grownup,n.,กราวนฺอัพ,ผู้ใหญ
3,450,guarantee,n.,แกเรินที,การรับประกัน
3,451,habit,n.,แฮบิท,"ความเคยชิน, นิสัย"
3,452,habitat,n.,แฮบิแทท,ถิ่นที่อยู่ของพืชหรือสัตว
3,453,handful,n.,แฮนดฺฟูล,"กำมือหนึ่ง, งานเต็มมือ"
3,454,handle,v.,แฮนเดิล,"ดูแล, ถือ, จัดการ"
3,455,handwritten,adj.,แฮนดฺริทเทิน,ที่เขียนด้วยลายมือ
3,456,harmful,adj.,ฮาร์ม,"ซึ่งให้โทษ, ซึ่งเป็นอันตราย"
3,457,hassle,n.,แฮซเซิล,"การทะเลาะ, ความยุ่งยาก"
3,458,haunted,adj.,ฮอนทิด,"สิงสู่, ครอบงำ"
3,459,headquarter,n.,เฮดควอเทอะ,"กองบัญชาการ, สำนักงานใหม"
3,460,heal,v.,ฮีล,รักษา
3,461,heir,n.,แอร์,"ผู้รับมรดก, ทายาท"
3,462,hire,v.,ไฮเออะ,"จ้าง,"
3,463,historical,adj.,ฮิสตอริเคิล,เกี่ยวกับประวัติศาสตร์
3,464,holy,adj.,โฮลี,ศักดิ์สิทธิ์
3,465,hospitable,adj.,ฮอสปิทะเบิล,ที่ม่จิตใจต้อนรับขับสู้
3,466,hound,n.,ฮาวนดฺ,สุนัขล่าสัตว
3,467,household,n.,เฮาสฺโฮลดฺ,"ครอบครัว, ครัวเรือน"
3,468,house-sitting,v.,เฮาสฺ ซิททิง,การดูแลบ้านแทนคนอื่น
3,469,humor,n.,ฮิวเมอะ,อารมณ์ขัน
3,470,hypnotism,n.,ฮิพนะทิซเซิม,วิชาการสะกดจิต
3,471,ideal,adj.,ไอเดียล,"ยอดเยี่ยม, ในอุดมคติ"
3,472,identical,adj.,ไอเดนทิเคิล,เหมือนกันทุกประการ
3,473,identify,v.,ไอเดนทิฟาย,จำแนกแยกแยะ
3,474,identity,n.,ไอเดนทิที,บุคลิกลักษณะ
3,475,immigrant,n.,อิมมิเกรินทฺ,ผู้อพยพจากนอกประเทศ
3,476,imperative,n.,อิมแพระทีฟ,"ความสำคัญ, คำสั่ง"
3,477,impersonate,v.,อิมเพอเซินเนท,"เลียนแบบ, ปลอมตัว"
3,478,imply,v.,อิมพลาย,บอกเป็นนัย
3,479,improvement,n.,อิมพรูฟเมินทฺ,"การปรับปรุง, การแก้ไข"
3,480,inappropriately,adv.,อินอะพรอพพริเอิทลี,อย่างไม่เหมาะสม
3,481,incident,n.,อินซิเดินทฺ,เหตุการณ์
3,482,incidentally,adv.,อินซิเดนทฺลี,โดยบังเอิญ
3,483,incite,v.,อินไซทฺ,"กระตุ้น, ส่งเสริม, ผลักดัน"
3,484,indefinite,adj.,อินเดฟฟินิท,ซึ่งไม่มีข้อกำหนด
3,485,indention,n.,อินเดนเชิน,"การย่อหน้า, การทำให้เกิดรอยตัด, รอยบาก"
3,486,independence,n.,อินดิเพนเดินซฺ,อิสรภาพ
3,487,independent,adj.,อินดิเพนเดินทฺ,"อิสระ, เอกราช"
3,488,independently,adv.,อินดิเพนเดินทฺลี,อย่างเป็นอิสระ
3,489,indicate,v.,อินดิเคท,"แสดง, บ่งชี้"
3,490,indicator,n.,อินดิเคเทอะ,สิ่งที่ชี้บอกดัชนี
3,491,individually,adv.,อินดิวิดจูเออะลี,"อย่างเอกเทศ, โดยเป็นรายบุคคล"
3,492,inevitable,n.,อินเอวิทะเบิล,ซึ่งหลีกเลี่ยงไม่ได้
3,493,infinite,adj.,อินฟินิท,"ไม่มีที่สิ้นสุด, ไม่มีขอบเขต"
3,494,influence,v.,อินฟลูเอินซฺ,มีอิทธิพลต่อ
3,495,influential,adj.,อินฟลูเอินเชิล,ซึ่งมีอิทธิพล
3,496,informal,adj.,อินฟอร์มอล,ไม่เป็นทางการ
3,497,informative,adj.,อินฟอร์มะทีฟ,"ซึ่งให้ความรู้, ซึ่งให้ข้อมูล"
3,498,inherit,v.,อินเฮอริท,รับมรดก
3,499,inject,v.,อินเจคทฺ,ฉีด
3,500,injured,adj.,อินเจอร์ดฺ,ได้รับบาดเจ็บ
3,501,inquire,v.,อินไควเออะ,ไต่ถาม
3,502,insane,adj.,อินเซน,วิกลจริต
3,503,insight,n.,อินไซทฺ,ความเข้าใจลึกซึ้ง
3,504,insist,v.,อินซิสทฺ,ยืนยัน
3,505,inspiration,n.,อินสปะเรเชิน,"การดลใจ, แรงบันดาลใจ"
3,506,inspire,v.,อินสไปเออะ,"บันดาลใจ, ดลใจ"
3,507,instantly,adv.,อินสแตนทฺลี,"ขณะ, ชั่วอึดใจหนึ่ง, เดี๋ยวนี้"
3,508,instead,adv.,อินสเตท,แทนที่
3,509,instead of,prep.,อินสเตท ออฟ,"แทนที่ของ, มาแทน"
3,510,instinct,n.,อินสติงคทฺ,สัญชาติญาณ
3,511,institute,n.,อินสติทิวทฺ,สถาบัน
3,512,instruction,n.,อินสตรัคเชิน,"การสอน, คำสั่ง"
3,513,instructor,n.,อินสครัคเทอะ,"ครู, ผู้สอน"
3,514,instrument,n.,อินสตรูเมินทฺ,"เครื่องมือ, เครื่องดนตรี, อุปกรณ์"
3,515,insufficient,adj.,อินซะฟิเชินทฺ,ไม่พอ
3,516,insurance,n.,อินชัวร์เรินซฺ,การประกันภัย
3,517,intellectual,adj.,อินทะเลคชวล,เกี่ยวกับปัญญา
3,518,intention,n.,อินเทนเชิน,"เจตนา, ความตั้งใจ"
3,519,interior,adj.,อินทีเรีย,"ภายใน, ข้างใน, ธาตุแท้"
3,520,intermediate,adj.,อินทะมีเดียท,"คนกลาง, ตัวกลาง, อยู่ตรงกลาง"
3,521,interpret,v.,อินเทอะเพริท,"อธิบาย, แปล"
3,522,intimidate,v.,อินทิมีเดท,"ขู่, กรรโชก"
3,523,intonation,n.,อินทะเนเชิน,เสียงสูงต่ำ
3,524,invade,v.,อินเวด,บุกรุก
3,525,invader,n.,อินเวเดอะ,ผู้รุกราน
3,526,invert,v.,อินเวิร์ท,"สับเปลี่ยน, คว่ำ, พลิกกลับ"
3,527,investigate,v.,อินเวสทิเกท,สืบสวน
3,528,investigation,n.,อินเวมทิเกเชิน,การสืบสวน
3,529,involve,v.,อินวอลฟฺ,"เกี่ยวพัน, เกี่ยวข้อง"
3,530,irregular,adj.,อิเรกกิวละ,ผิดปกติ
3,531,irresponsible,adj.,อิริสปอนซะเบิล,ขาดความรับผิดชอบ
3,532,irritate,v.,อิริเทท,"ทำให้ระคายเคือง, ทำให้รำคาญ"
3,533,itinerary,n.,ไอทิเนอระรี,"กำหนดการเดินทาง, แผนการเดินทาง"
3,534,join,v.,จอยนฺ,"เชื่อม, ติด"
3,535,judge,n.,จัดจฺ,"ตุลาการ, ผู้พิพากษา, กรรมการ"
3,536,junction,n.,จังเชิน,"จุดเชื่อมต่อ, ชุมทาง"
3,537,kilt,n.,คิลทฺ,กระโปรงสั้นพับจีบ
3,538,knowledge,n.,โนลิจ,ความรู้
3,539,landscape,n.,แลนดฺสเกพ,ภาพภูมิประเทศ
3,540,lean,v.,ลีน,"พิง, ยัน, อิง"
3,541,legendary,adj.,เลจเจินดะรี,"ซึ่งเป็นตำนาน, ซึ่งเป็นนิทาน"
3,542,legislation,n.,เลจิสเลเชิน,"กฎหมาย, ข้อบังคับ"
3,543,leisure,n.,เลชเชอะ,เวลาว่าง
3,544,length,n.,เลงธฺ,"ความยาว, ระยะทาง"
3,545,lengthen,v.,เลงเธิน,ทำให้ยาวขึ้น
3,546,license,n.,ไลเซินซฺ,ใบอนุญาต
3,547,limestone,n.,ไลมฺสโตน,หินปูน
3,548,lit,v.,ลิท,จุดไฟ
3,549,literal,adj.,ลิททะเริล,"ตามตัวอักษร, แท้จริง"
3,550,literary,adj.,ลิททะระรี,"เกี่ยวกับการประพันธ์, เกี่ยวกับวรรณคดี"
3,551,loathe,v.,โลธ,รังเกียจ
3,552,locate,v.,โลเคท,"ที่ตั้ง, ตั้ง, อยู่"
3,553,lorry,n.,ลอรี,รถบรรทุก
3,554,lush,adj.,ลัช,"เขียวชอุ่ม, เขียวขจี"
3,555,luxurious,adj.,ลักชูเรียส,"หรูหรา, โอ่อ่า"
3,556,lyrics,adj.,ลิริค,เนื้อเพลง
3,557,magnificent,adj.,แมกนิฟิเซินทฺ,"งดงาม, สง่างาม, ดีเลิศ"
3,558,magpie,n.,แมกพาย,นกกางเขน
3,559,mainly,adv.,เมนลี,"ส่วนใหญ่, โดยทั่วไป"
3,560,maintain,v.,เมนเทน,"ดำรงไว, คงไว้"
3,561,maintenance,n.,เมนทะเนินทซฺ,"การค้ำจุน, การบำรุง, การรักษา"
3,562,make up,v.,เมค อัพ,สร้างขึ้น
3,563,manage,v.,แมนิจ,"บริหาร, จัดการ"
3,564,management,n.,แมนนิดจฺเมินทฺ,การจัดการ
3,565,manhood,n.,แมนฮูด,"ความเป็นชาย, ความกล้าหาญ"
3,566,man-made,adj.,แมน เมด,"ซึ่งทำเทียม, คนทำขึ้น"
3,567,manufacture,v.,แมนนูแฟคเชอะ,ผลิตด้วยเครื่องจักร
3,568,manufacturer,n.,แมนนูแฟคเชอะเรอะ,ผู้ผลิต
3,569,march,n.,มาร์ช,"การเดินขบวน, การเดินแถว"
3,570,marital,adj.,แมริเทิล,"ระหว่างสามีภรรยา, เกี่ยวกับการสมรส"
3,571,marketing,n.,มาร์เคททิง,การตลาด
3,572,married,adj.,แมริด,แต่งงานแล้ว
3,573,martial art,n.,มาร์เชิล อาร์ท,ศิลปะการป้องกันตัว
3,574,marvel,n.,มาร์เวิล,"สิ่งอัศจรรย์, สิ่งน่าพิศวง"
3,575,mash,n.,แมช,"มันบด, อาหารผสมสำหรับสัตว์"
3,576,mass-production,n.,แมส พระดัคเชิน,การผลิตจำนวนมาก
3,577,material,n.,มะทีเริล,วัตถุดิบ
3,578,matrimonial,adj.,แมนทริโมเนียล,"เกี่ยวกับชีวิตสมรส, เกี่ยวกับการแต่งงาน"
3,579,matter,n.,แมทเทอะ,"เนื้อ, วัตถุ, สาระ, เรื่อง, เรื่องราว"
3,580,maturity,n.,มะชัวระที,"วุฒิภาวะ, ความเป็นผู้ใหญ๋"
3,581,measles,n.,มีซเซิล,โรคหัด
3,582,medical,adj.,เมดดิเคิล,ทางการแพทย์
3,583,membership,n.,เมมเบอะชิพ,การเป็นสมาชิก
3,584,mend,v.,เมนดฺ,"แก้ไข, ปะชุน, ซ่อมแซม"
3,585,mention,v.,เมนเชิน,"กล่าวถึง, อ้างถึง"
3,586,merchandise,n.,เมอเชินไดซฺ,สินค้า
3,587,method,n.,เมธเธิด,"แบบแผน, เป็นระเบียบ"
3,588,microbe,n.,ไมโครบ,"จุลินทรีย, ผลิตภันฑ์"
3,589,microscope,n.,ไมคระสโคบ,กล้องจุลทรรศน์
3,590,midtown,n.,มิดทาวนฺ,ใจกลางเมือง
3,591,millipede,n.,มิลลิพิด,กิ้งกือ
3,592,mistake,n.,มิสเตค,"ความผิดพลาด, ข้อผิดพลาด"
3,593,modest,adj.,โมดิสทฺ,"ถ่อมตัว, พอประมาณ, ไม่ใหญ่โตโอ่อ่า"
3,594,mold,n.,โมลดฺ,"แบบที่หล่อออกมา, แม่พิมพ์"
3,595,monitor,n.,มอนิเทอะ,"โทรทัศน์วงจรปิด, ผู้ดูแล, การตรวจตรา"
3,596,monopoly,n.,มะโนพะลี,"เอกสิทธิ์, ระบบผูกขาด"
3,597,monument,n.,มอนนิวเมินทฺ,อนุสาวรีย์
3,598,mostly,adv.,โมสทฺลี,ส่วนมาก
3,599,moth,n.,โมธ,ผีเสื้อกลางคืนหรือชีปะขาว
3,600,motive,n.,โมทีฟ,"แรงจูงใจ, แรงกระตุ้น"
3,601,mound,n.,เมานดฺ,"เนิน, โคก"
3,602,moviemaker,n.,มูฟวีเมคเกอะ,ผู้สร้างภาพยนตร์
3,603,multinational,adj.,มัลทิแนเชินเนิล,หลายชาติ
3,604,murder,v.,เมอร์เดอะ,"ฆ่า, ฆาตรกรรม"
3,605,musketeer,n.,มัสเคิทเทีย,ทหารปืนคาบศิลา
3,606,mysterious,adj.,มิสติเรียส,ลึกลับ
3,607,mystery,n.,มิสฺตรี,ความลึกลับ
3,608,mythology,n.,มิธธอละจี,"เทพนิยาย, เรื่องนิทาน"
3,609,native,adj.,เนทีฟ,"โดยกำเนิด, พื้นเมือง, ตามธรรมชาติ"
3,610,natural,adj.,แนชเชอเริล,โดยธรรมชาติ
3,611,navigate,v.,แนฟวิเกท,"หาเส้นทาง, เดินเรือ"
3,612,navigation,n.,แนฟวิเกเชิน,"การเดินเรือ, การนำเครื่องบิน"
3,613,needful,adj.,นีดฟูล,ที่จำเป็น
3,614,needless,adj.,นีดเลส,ไม่จำเป็น
3,615,neighborhood,n.,เนบะฮูด,"ละแวกบ้าน, บ้านใกล้เรือนเคียง"
3,616,neither,adj.,นีธเธอะ/ไนเธอะ,ไม่ทั้งสอง
3,617,nerve,n.,เนิร์ฟ,เส้นประสาท
3,618,nervous,adj.,เนอร์เวิส,กังวลใจ
3,619,network,n.,เนทเวิร์ค,เครือข่าย
3,620,nevertheless,adv.,เนฟเวอะธะเลส,แม้กระทั้ง
3,621,nobility,n.,โนบิละที,"พวกขุนนาง, ชนชั้นสูง, ผู้ดี"
3,622,notorious,adj.,โนทอเรียส,มีชื่อเสียงในทางไม่ดี
3,623,novelty,n.,โนเวิลที,"ของแปลก, ของใหม่, ความแปลก"
3,624,nuisance,n.,นูเซินสฺ,"การรบกวน, สิ่งก่อความรำคาญ"
3,625,nutritional,adj.,นูทริเชินเนิล,"ทางอาหาร, เกี่ยวกับอาหาร"
3,626,nutritious,adj.,นูทริเชิส,ซึ่งบำรุงสุขภาพ
3,627,obligation,n.,ออบบลิเกเชิน,"ข้อตกลง, การบังคับ"
3,628,obligatory,adj.,อับบลิเกิททรี,"ที่ควรปฏิบัติตามหลักกฏหมาย, เป็นภาระข้อผูกมัด"
3,629,obvious,adj.,ออบเวียส,ชัดเจน
3,630,occur,v.,อะเคอ,เกิดขึ้น
3,631,offensive,adj.,อะเฟนซีฟ,"ซึ่งทำให้ขุ่นเคือง, ก้าวร้าว"
3,632,onlooker,n.,ออนลุคเกอะ,ผู้ชม
3,633,onto,prep.,ออนทู,"ไปบน, ไปยัง"
3,634,operate,v.,ออพพะเรท,"ทำงาน, ผ่าตัด, ปฏิบัติการ"
3,635,optimistic,adj.,ออพทิมิสติค,การมองโลกในแง่ดี
3,636,option,n.,ออพเชิน,"การเลือก, ทางเลือก"
3,637,originally,adv.,อะริจจะเนิลลี,"อย่างดั้งเดิม, โดยเริ่มแรก"
3,638,outback,n.,เอาทฺแบค,"ชนบท, พื้นที่ห่างไกลความเจริญ"
3,639,outgoing,adj.,เอาทฺโกอิง,"ออกไป, จากไป"
3,640,outlaw,n.,เอาทฺลอ,คนนอกกฎหมาย
3,641,outstanding,adj.,เอาทฺสแตนดิง,"เด่น, สำคัญ, โดดเด่น"
3,642,overall,adj.,โอเวอะออล,ทั้งหมด
3,643,overcome,v.,โอเวอะคัม,"พิชิต, ชนะ"
3,644,overcrowd,v.,โอเวอะคราวดฺ,"ทำให้แน่นเกินไป, แออัด"
3,645,overhear,v.,โอเวอะเฮีย,ได้ยินโดยไม่ตั้งใจ
3,646,overlook,v.,โอเวอะลุค,"มองข้าม, เมินเฉย"
3,647,parachute,n.,แพระชูท,ร่มชูชีพ
3,648,paralyze,v.,แพระไลซฺ,ทำให้เป็นอัมพาต
3,649,parentheses,n.,พะเรนธะซิส,"เครื่องหมาย, วงเล็บ"
3,650,partially,adv.,พาเชิลลี,เป็นบางส่วน
3,651,participate,v.,พาร์ทิซิเพท,"มีส่วนร่วม, เข้าร่วม"
3,652,particular,adj.,พะทิคคิวละ,โดยเฉพาะ
3,653,passion,n.,แพชเชิน,"ความหลงไหล, กิเลส"
3,654,patch,n.,แพทชฺ,รอยปะ
3,655,patent,n.,แพเทินทฺ,สิทธิบัตร
3,656,patrol,n.,พะโทรล,การตรวจตรา
3,657,pavement,n.,เพฟเมินทฺ,"ทางเดิน, ฟุตบาท"
3,658,pay back,v.,เพ แบค,"จ่ายคืน, แก้แค้น"
3,659,peacefully,adv.,ฟีซเฟอะลี,"อย่างสงบ, มีสันติภาพ"
3,660,pedestrian,n.,พะเดสเตรน,คนเดินเท้า
3,661,peeve,v.,พีฟ,"ทำให้โกรธ, รำคาญใจ"
3,662,perfectly,adv.,เพอฟิคทฺลี,"อย่างยอดเยี่ยม, อย่างสมบูรณ์แบบ"
3,663,performance,n.,เพอะฟอร์เมินซฺ,"การปฏิบัติ, การแสดง"
3,664,period,n.,พีเรียด,"ช่วงมีประจำเดือน, ระยะเวลา, ช่วงเวลาในประวัติศาสตร์"
3,665,permission,n.,เพอะมิชเชิน,การอนุญาต
3,666,personnel,n.,เพอซะเนล,"พนักงาน, ฝ่ายบุคคล"
3,667,persuade,v.,เพอสเวด,ชักชวน
3,668,persuasive,adj.,เพอสเวซีฟ,สามารถชักจูงได้
3,669,pessimist,n.,เพสซิมิสทฺ,คนมองโลกในแง่ร้าย
3,670,pessimistic,adj.,เพสซิมิสติกทฺ,ที่มองโลกในแง่ร้าย
3,671,philosophy,n.,ฟะลอซะฟี,หลักปรัชญา
3,672,physical,adj.,ฟิสซิเคิล,เกี่ยวกับร่างกาย
3,673,pierce,v.,เพียซ,"เจาะ, แทง"
3,674,pile,n.,ไพลฺ,กอง
3,675,pilgrim,n.,พิลกริม,ผู้แสวงบุญ
3,676,pimple,n.,พิมเพิล,สิว
3,677,pinpoint,v.,พินพอยทฺ,"ปลายเข็ม, เรื่องเล็กน้อย"
3,678,pioneer,n.,ไพเออะเนียร์,นักบุกเบิก
3,679,pitch,v.,พิทชฺ,"ขว้าง, โยน, ระดับ"
3,680,platter,n.,แพลทเทอะ,"จานตื้นขนาดใหญ่, แผ่นเสียง"
3,681,plenary,adj.,พรีนะรี,"เต็มที่, สมบูรณ์, ครบองค์"
3,682,pointed,adj.,พอยเทด,"แหลม, แหลมคม"
3,683,polish,v.,พอลิช,"ขัดเงา, ขัดมัน, ขัดถู"
3,684,population,n.,พอพพิวเลเชิน,ประชากร
3,685,porch,n.,พอร์ช,"ชานบ้าน, ระเบียง, เฉลียง"
3,686,portable,adj.,พอร์ททะเบิล,"พกพาได้, หิ้วได้"
3,687,porter,n.,พอร์ทเทอะ,พนักงานยกกระเป๋าตามโรงแรม
3,688,possession,n.,พะเซสเชิน,การครอบครอง
3,689,possibility,n.,พอสสะบิละที,สิ่งที่เป็นไปได
3,690,postage,n.,โพสติจ,อัตราคาไปรษณีย์
3,691,postal,adj.,โพสเทิล,เกี่ยวกับที่ทำการไปรษณีย์
3,692,postpone,v.,เพิสโปน,เลื่อนเวลาออกไป
3,693,potential,n.,พะเทนเชิล,ศักยภาพที่จะพัฒนาได้
3,694,practical,adj.,แพรคทิเคิล,ที่ใช้งานได้จริง
3,695,preclude,v.,พรีคลูด,"ทำให้เป็นไปไม่ได้, ป้องกัน, ขัดขวาง"
3,696,precocious,adj.,พรีโคเชิส,"แก่แดด, โตเกินวัย"
3,697,predictable,adj.,พรีดิคทะเบิล,ที่พอจะทำนายได้
3,698,prefer,v.,พรีเฟอ,ชอบมากกว่า
3,699,preference,n.,เพรฟฟะเรินซฺ,"สิ่งที่ชอบ, คนที่ชอบ"
3,700,premiere,n.,พรีเมียร์,"การแสดงในรอบปฐมทัศน์, การโหมโรง"
3,701,preserve,v.,พรีเซิร์ฟ,"รักษาไว้, อนุรักษ์"
3,702,prison,n.,พริเซิน,"คุก, เรือนจำ"
3,703,prisoner,n.,พริเซินเนอะ,นักโทษ
3,704,privacy,n.,ไพรวะซี,"ความสันโดษ, ความเป็นส่วนตัว"
3,705,probable,adj.,พรอบบะเบิล,เป็นไปได
3,706,probably,adv.,พรอบบะบลี,อย่างเป็นไปได้
3,707,procedure,n.,พระซีเจอะ,"กิจการ, ระเบียบการ, การปฏิบัติ"
3,708,proceed,v.,โพรซีด,ดำเนินต่อไป
3,709,process,n.,โพรเซส,กระบวนการ
3,710,produce,v.,พระดิวซฺ,"ให้กำเนิด, ผลิต"
3,711,profession,n.,พระเฟชเชิน,"อาชีพ, วิชาชีพ"
3,712,professional,adj.,พระเฟชเชอะเนิล,"เกี่ยวกับอาชีพ, ชำนาญ"
3,713,professionally,adv.,พระเฟชเชอะเนิลลี,"อย่างมืออาชีพ, อย่างชำนาญ"
3,714,prohibition,n.,โพรอิบิเชิน,ข้อห้าม
3,715,promise,n.,พรอมมิส,สัญญา
3,716,promotion,n.,พระโมเชิน,"การเลื่อนตำแหน่ง, การสนับสนุน"
3,717,prompt,adj.,พรอมพทฺ,"รวดเร็ว, ฉับพลัน"
3,718,proof,n.,พรูฟ,"หลักฐาน, พยาน, การพิสูจน์"
3,719,proper,adj.,พรอพเพอะ,"เหมาะสม, ถูกต้อง"
3,720,proposal,n.,พระโพเซิล,"ข้อเสนอ, คำขอแต่งงาน"
3,721,propose,v.,พระโพส,เสนอ
3,722,prosecutor,n.,โพรซิคคิวเทอะ,โจทก์
3,723,prospect,n.,โพรสเปคทฺ,"คาดการณ์, ภาพที่มองเห็น, โอกาส"
3,724,prove,v.,พรูฟ,"พิสูจน์, ทดสอบ"
3,725,provider,n.,พระไวเดอะ,ผู้จัด
3,726,provoke,v.,โพรโวค,"ทำให้โกรธ, ยุแหย"
3,727,publication,n.,พับบลิคเคเชิน,"สิ่งพิมพ์, การโฆษณา, การประกาศ"
3,728,publicly,adv.,พับบลิคลี,อย่างเปิดเผยให้สาธารณะ
3,729,publisher,n.,พับบลิชเชอะ,สำนักพิมพ์
3,730,punctual,adj.,พังคฺชวล,"ตรงเวลา, ตามกำหนด"
3,731,punctuation,n.,พังคฺชูเอเชิน,การใช้จุดเครื่องหมายวรรคตอน
3,732,punishment,n.,พันนิชเมินทฺ,การลงโทษ
3,733,purchase,n.,เพอร์เชิส,"การซื้อ, ของ, ของซื้อ, ราคา"
3,734,purpose,n.,เพอร์เพิส,"ความประสงค, ความมุ่งหมาย"
3,735,put away,v.,พุท อะเว,"เก็บ, เอาไปเก็บ, กิน, ดื่ม"
3,736,put off,v.,พุท ออฟ,เลื่อน
3,737,put out,v.,พุท เอาทฺ,"เคือง, ไลออก, ดับไฟ"
3,738,quadrate,n.,ควอดเดรท,สี่เหลี่ยมจัตุรัส
3,739,quantity,n.,ควอนทะที,"จำนวน, ปริมาณ"
3,740,quaver,v.,เควฟเวอะ,สั่น
3,741,questionnaire,n.,เควสเชินแนร์,แบบสอบถาม
3,742,quotation,n.,โควเทเชิน,"ถ้อยคำที่คัดมาจากกวี, อ้างคำพูด"
3,743,radical,adj.,แรดิเคิล,"โดยพื้นฐาน, โดยมูลฐาน"
3,744,ranch,n.,แรนชฺ,ฟาร์มเลี้ยงสัตว์ขนาดใหญ่
3,745,range,n.,เรนจฺ,"แถว, ลำดับ, ขอบเขต, เทือกเขา"
3,746,rayon,n.,เรยอน,ใยสังเคราะห์
3,747,real estate,n.,เรียล เอิสเตท,อสังหาริมทรัพย์
3,748,realistic,adj.,เรียลลิสติค,"เป็นไปได้, เป็นจริง"
3,749,realize,v.,เรียลไลซฺ,"ตระหนัก, เข้าใจ"
3,750,rebellion,n.,ริเบลเลียน,การกบฏ
3,751,recent,adj.,รีเซินทฺ,ไม่นานมานี้
3,752,recently,adv.,รีเซินทฺลี,เมื่อไม่นานมานี้
3,753,recipient,n.,ริซิพเพียนทฺ,ผู้รับ
3,754,recklessly,adv.,เรคเลิสลี,อย่างประมาท
3,755,recognition,n.,เรคเคิกนิชเชิน,การยอมรับ
3,756,recognize,n.,เรคเคิกไนซฺ,จำได้
3,757,recommend,v.,เรคคะเมินดฺ,"แนะนำ, เสนอแนะ"
3,758,recommendation,n.,เรคคะเมนเดเชิน,"การแนะนำ, การชี้แนะ"
3,759,reconfirm,v.,ริคคันเฟิร์ม,ยืนยันอีกครั้ง
3,760,recruit,v.,รีครูท,"รับคนใหม่, เกณฑ์ทหารใหม่"
3,761,recruitment,n.,รีครูทเมินทฺ,"การสรรหาบุคลากรใหม่, เการเกณฑ์หทารใหม่"
3,762,reduction,n.,รีดัคเชิน,การลดลง
3,763,reference,n.,เรฟฟะเรินซฺ,"การพาดพิง, การอ้างอิง"
3,764,reflexive,adj.,รีเฟลกซีฟ,"สะท้อนกลับ, ส่งกลับ"
3,765,regardless,adj.,รีการ์ดเลิส,"โดยไม่คำนึงถึง, โดยไม่เอาใจใส่"
3,766,region,n.,รีเจิน,ภูมิภาค
3,767,regional,adj.,รีเจินเนิล,ระดับภูมิภาค
3,768,regret,v.,รีเกรท,"เสียใจ, โทมนัส"
3,769,regular,adj.,เรกกิวละ,"ประจำ, ตามปกติ, สม่ำเสมอ"
3,770,regularly,adv.,เรกกิวละลี,อย่างสม่ำเสมอ
3,771,rehearse,v.,ริเฮิร์ส,"ซ้อม, ซ้อมละคร"
3,772,relative,adj.,เรละทีฟ,"ที่สัมพันธ์กัน, เกี่ยวดองกัน"
3,773,release,v.,รีลีส,ปลดปล่อย
3,774,reliable,adj.,รีไลอะเบิล,ที่ไว้วางใจได
3,775,rely on,v.,รีไล ออน,"ไว้ใจ, วางใจ, พึ่งพา"
3,776,remark,v.,รีมาร์ค,"ให้ข้อคิดเห็น, สังเกต"
3,777,remedy,n.,เรมะดี,"การรักษา, วิธีการรักษา"
3,778,remind,v.,รีไมนดฺ,เตือนความจำ
3,779,renovate,v.,เรนะเวท,บูรณะ
3,780,replace,v.,รีเพลส,แทนที่
3,781,reply,v.,รีพลาย,ตอบกลับ
3,782,represent,v.,เรพพริเซนทฺ,"เป็นตัวแทน, แสดง"
3,783,representative,n.,เรพพริเซนทะทีฟ,"ตัวแทน, ผู้แทน"
3,784,reputation,n.,เรพพิวเทเชิน,ชื่อเสียง
3,785,request,v.,รีเควสทฺ,"ขอร้อง, เรียกร้อง"
3,786,rescue,v.,เรสคิว,ช่วยเหลือ
3,787,resemble,v.,รีเซมเบิล,"คล้ายคลึง, เหมือนกัน"
3,788,reservation,n.,เรซซะเวเชิน,"เขตสงวน, การรักษาไว, การสำรอง"
3,789,reserve,v.,รีเซิร์ฟ,สำรอง
3,790,reserved,adj.,รีเซิร์ฟดฺ,"สงวนไว้, สำรองไว้"
3,791,resist,v.,รีซิสทฺ,ต่อต้าน
3,792,resolved,adj.,รีซอลฟดฺ,"ตกลงใจ, มีมติ"
3,793,respond,v.,รีสปอนดฺ,"ตอบ, ตอบสนอง"
3,794,response,n.,รีสปอนสฺ,"คำตอบ, การตอบสนอง"
3,795,responsibility,n.,รีสปอนซะบิละที,ความรับผิดชอบ
3,796,responsible,adj.,รีสปอนซะเบิล,"มีความรับผิดชอบ, รู้จักหน้าที่"
3,797,restore,v.,รีสตอร์,พื้นฟู
3,798,result,n.,รีซัลทฺ,ผลลัพธ์
3,799,retire,v.,รีไทเออะ,"ออกจากราชการ, ปลดเกษียณ"
3,800,retirement,n.,รีไทเออะเมินทฺ,การปลดเกษียณ
3,801,retrieval,n.,รีทรีฟเวิล,การเอากลับคืนมา
3,802,reunion,n.,รียูเนียน,การกลับมารวมกันใหม่
3,803,reveal,v.,รีวีล,เปิดเผย
3,804,revenge,v.,รีเวนจฺ,แก้แค้น
3,805,review,n.,รีวิว,"การพิจารณาใหม่, บทวิจารณ์"
3,806,rewind,v.,รีไวนดฺ,"หมุนกลับ, กรอกลับ"
3,807,rewrite,v.,รีไรทฺ,"เขียนใหม่, นำมาเขียนในรูปแบบใหม่"
3,808,rhyme,n.,ไรมฺ,เสียงสัมผัสในบทกวี
3,809,riddle,n.,ริดเดิล,เกมทายปริศนา
3,810,rife,adj.,ไรฟฺ,"แพร่กระจาย, อุดมสมบูรณ์"
3,811,rope,n.,โรพ,เชือก
3,812,rouse,v.,เราซฺ,"ปลุก, เร้าใจ, กระตุ้น"
3,813,route,n.,รูท,"เส้นทาง, ทาง"
3,814,rowboat,n.,โรโบท,เรือพาย
3,815,satellite,n.,แซทเทิลไลทฺ,ดาวเทียม
3,816,satisfaction,n.,แซททิซแฟกเชิน,ความพอใจ
3,817,satisfactory,adj.,แซททิซแฟกทะรี,"น่าพอใจ, สาแก่ใจ"
3,818,satisfied,adj.,แซททิซไฟดฺ,"พอใจ, ถูกใจ, หมดความข้องใจ"
3,819,scatter,v.,สแกทเทอะ,ทำให้กระจาย
3,820,scenery,n.,ซีนนะรี,ทิวทัศน์
3,821,scenic,adj.,ซีนิค,"น่าดึงดูดใจ, เกี่ยวกับทัศนียภาพ"
3,822,scope,n.,สโกพ,"ขอบเขต, ขอบข่าย, วงจำกัด"
3,823,script,n.,สกริพทฺ,"ลายมือ, งานเขียนบทละคร"
3,824,scruff,n.,สกรัฟ,"หลังคอ, ต้นคอ"
3,825,section,n.,เซคเทอะ,หมวดหมู่
3,826,security,n.,ซีเคียวระที,"ความปลอดภัย, ความมั่นคง, หลักทรัพย์"
3,827,sense of humor,n.,เซนซฺ ออฟ ฮิวเมอะ,อารมณ์ขัน/ตลก
3,828,sensible,adj.,เซนซะเบิล,ที่มีเหตุผล
3,829,sensitive,adj.,เซนซะทีฟ,หวั่นไหวง่าย
3,830,sensitivity,n.,เซนซะทีฟวะที,ความอ่อนไหว
3,831,separate,v.,เซพพะเรท,"แยก, แยกกัน"
3,832,separately,adv.,เซพพะเรทลี,"อย่างแบ่งแยก, อย่างอิสระ"
3,833,sequence,n.,ซีเควินซฺ,การเรียงลำดับ
3,834,serene,adj.,ซะรีน,"(ทะเล)ราบรื่น, ใจสงบ, เงียบสงบ"
3,835,sergeant,n.,ซาร์เจินทฺ,นายสิบ
3,836,service,n.,เซอร์วิซ,"การรับใช้, การบริการ"
3,837,session,n.,เซสเชิน,"การประชุม, สมัยประชุม, ภาคการศึกษา"
3,838,settlement,n.,เซทเทิลเมินทฺ,การตั้งรกราก
3,839,shelter,n.,เชลเทอะ,ที่หลบภัย
3,840,sheriff,n.,เชอริฟ,นายอำเภอ
3,841,shift,n.,ชิฟทฺ,"การย้าย, การเปลี่ยนกะ"
3,842,shifty,adj.,ชิฟที,"หลอกล่อ, การมีเล่ห์เหลี่ยม"
3,843,short-sleeved,adj.,ชอร์ท สลีฟดฺ,แขนเสื้อสั้น
3,844,shoulder-length,adj.,โชเดอะ เลงธฺ,ยาวระดับไหล่
3,845,significant,adj.,ซิกนิฟิเคินทฺ,"ซึ่งมีความหมาย, มีความสำคัญ"
3,846,similarity,n.,ซิมะลาริที,"ความเหมือน, ความคล้ายคลึงกัน"
3,847,simultaneous,adj.,ซิมัลเทนเนียส,ที่พร้อมกัน
3,848,sincere,adj.,ซินเซียร์,"จริงใจ, น้ำใสใจจริง"
3,849,sincerely,adv.,ซินเซียร์ลี,อย่างใจจริง
3,850,single out,v.,ซิงเกิล เอาทฺ,เลือกเฟ้นจากกลุ่ม
3,851,site,n.,ไซทฺ,"ตำแหน่ง, เขตที่"
3,852,skill,n.,สกิล,"ความสามารถ, ทักษะ"
3,853,skilled,adj.,สกิลดฺ,ชำนิชำนาญ
3,854,slam,v.,สแลม,ปิดดังปัง
3,855,sled,n.,สเลด,"เลื่อนหิมะ, แคร่"
3,856,sly,adj.,สไล,ฉลาดแกมโกง
3,857,smite,v.,สไมทฺ,หวดอย่างแรง
3,858,snare,n.,สแนร์,กับดัก
3,859,sociologist,n.,โซซิออละจิสทฺ,"นักสังคมศาสตร์, นักสังคมวิทยา"
3,860,sociology,n.,โซซิออละจิ,"สังคมวิทยา, ว่าด้วยเรื่องสังคม"
3,861,solid,adj.,โซลิด,"มีลักษณะแข็ง, ตัน, มั่นคง"
3,862,solitary,adj.,โซลลิทรี,"อยู่ตามลำพัง, สันโดษ"
3,863,solution,n.,โซลูเชิน,"วิธีแก้, การแก้(ปัญหา)"
3,864,sophisticated,adj.,ซะฟิสติเคททิด,"ช่ำชองโลก, มีประสบการณ์มาก"
3,865,spacecraft,n.,สเปซคราฟทฺ,ยานอวกาศ
3,866,spacious,adj.,สเปเชิส,"กว้างใหญ่, มีเนื้อที่มาก"
3,867,spank,v.,สแปงคฺ,"ตีก้นเพื่อลงโทษ, ไปอย่างเร็ว"
3,868,speaker,n.,สปีคเกอะ,"ผู้พูด, ลำโพง"
3,869,specialist,n.,สเปเชิลลิสทฺ,"ผู้ชำนาญพิเศษ, แพทย์ผู้ชำนาญเฉพาะโรค"
3,870,specialize,v.,สเปเชิลไลซฺ,"เป็นผู้เชี่ยวชาญ, ระบุ"
3,871,specialty,n.,สเปเชิลที,"ความชำนาญ, ความพิเศษ"
3,872,specific,adj.,สปิซิฟฟิค,"โดยเฉพาะ, เฉพาะเจาะจง"
3,873,spectacle,n.,สเปคทะเคิล,"ภาพ, ภาพที่น่าตื่นเต้น"
3,874,spectacular,adj.,สเปกแทคคิวละ,"น่าตื่นเต้น, น่าประทับใจ"
3,875,spectator,n.,สเปกเทเทอะ,"ผู้ชม, ผู้ดู"
3,876,speculate,v.,สเปกคิวเลท,"พิจารณา, ใคร่ครวญ"
3,877,sporran,n.,สปอเริน,กระเป๋าที่ทำจากหนังสัตว์
3,878,sportsmanship,n.,สปอร์ทซเมินชิพ,การมีน้ำใจนักกีฬา
3,879,spouse,n.,สเปาซฺ,คู่สมรส
3,880,spur,n.,สเปอ,เดือยที่สวมส้นรองเท้า
3,881,stability,n.,สตะบิละที,"ความแน่นอน, ความมั่นคง"
3,882,stain,n.,สเตน,"รอยเปื้อน, รอยเลอะ"
3,883,stale,adj.,สเตล,"ไม่สด (อาหาร), ไม่ถ่ายเท (อากาศ)"
3,884,status,n.,สเตเทิส,"ฐานะ, สภาพ"
3,885,stay over,v.,สเต โอเวอะ,ค้างคืน
3,886,stellar,adj.,สเตลเลอะ,เกี่ยวกับดวงดาว
3,887,stick,v.,สติค,"แทง, ตอก, ยึดติด"
3,888,strangle,v.,สแตรงเกิล,"รัดคอ, บีบคอ"
3,889,strategy,n.,สแตรททะจี,ยุทธศาสตร์
3,890,stripe,n.,สไตรพฺ,"ลาย, ทาง, ริ้ว"
3,891,stuff,n.,สตัฟ,"วัตถุ, เนื้อแท้, ยัดไส้"
3,892,subsidiary,adj.,ซับซิดิอะรี,"เป็นรอง, ตัวเสริม, ตัวช่วย"
3,893,substitute,n.,ซับสติทิวทฺ,"ตัวแทน, ผู้แทน"
3,894,suburb,n.,ซับเบิร์บ,ชานเมือง
3,895,sudden,adj.,ซัดเดิน,"ทันทีทันใด, ที่กระทันหัน"
3,896,suddenly,adv.,ซัดเดินลี,"อย่างประทันหัน, ทันใดนั้น"
3,897,suffer,v.,ซัฟเฟอะ,"ทน, ทรมาน, ทุกข์"
3,898,summarize,v.,ซัมมะไรซฺ,"สรุป, รวม"
3,899,summary,n.,ซัมมะรี,"ย่อใจความ, รวบรัด, ย่อๆ"
3,900,superlative,adj.,ซุพเพอร์ละทีฟ,"สูงสุด, เลิศสุด"
3,901,superstition,n.,ซุพพะสติชเชิน,ความเชื่อทางไสยศาสตร์
3,902,supper,n.,ซัพเพอะ,"อาหารค่ำ, อาหารมื้อสุดท้ายของวัน"
3,903,supplier,n.,เซิพพลายเออะ,ผู้จัดหาสิ่งของให้
3,904,supply,v.,เซิพพลาย,จัดหาให้
3,905,support,v.,เซิพพอร์ท,สนับสนุน
3,906,supporter,n.,เซิพพอร์ทเทอะ,ผู้สนับสนุน
3,907,supportive,adj.,เซิพพอร์ททีฟ,"สนับสนุน, เป็นกำลังใจ"
3,908,suppose,v.,ซะโพส,สมมุติ
3,909,surface,n.,เซอร์ฟิซ,"ผิวเผิน, ผิวหน้า, ผิวพื้น"
3,910,surgery,n.,เสิร์จจะรี,การผ่าตัด
3,911,surroundings,n.,เซอะราวนดิงซฺ,"สภาพแวดล้อม, บริเวณ"
3,912,suspect,v.,เซิสสเปคทฺ,สงสัย
3,913,suspend,v.,ซัสเปนดฺ,"แขวน, เลื่อน"
3,914,swamp,n.,สแวมพฺ,"หนอง, บึง"
3,915,swear,v.,สแวร์,สาบาน
3,916,symbol,n.,ซิมเบิล,"สัญลักษณ์, เครื่องหมาย"
3,917,symptom,n.,ซิมพฺเทิม,อาการ
3,918,synthetic,adj.,ซินเธทิค,เกิดจากการสังเคราะห์
3,919,tactful,adj.,แทคทฺฟูล,มีไหวพริบดี
3,920,tailgate,v.,เทลเกท,ประตูท้ายรถบรรทุก
3,921,take place,v.,เทค เพลส,"แทนที่, เกิดขึ้น"
3,922,talented,adj.,แทเลินทฺทิด,มีความสามารถพิเศษ
3,923,tamer,n.,เทมเมอะ,คนฝึกสอนสัตว์ป่า
3,924,tatty,adj.,แททที,"หยาบ, สกปรก"
3,925,taxi stand,n.,แทกซี สแตนดฺ,ที่ยืนรอแท็กซี่
3,926,teletypewriter,n.,เทลิไทพฺไรเทอะ,เครื่องโทรเลข
3,927,temporary,adj.,เทมพระรารี,ชั่วคราว
3,928,tend,v.,เทนดฺ,"คอยรับใช้, ดูแล, เฝ้า, โน้มเอียง"
3,929,terrible,adj.,เทระเบิล,น่ากลัว
3,930,terrify,v.,เทริฟาย,ทำให้น่ากลัวมาก
3,931,textile,n.,เทกซฺไทล์,"การทอผ้า, สิ่งทอ"
3,932,theory,n.,ธีเออะรี,ทฤษฎี
3,933,tightly,adv.,ไททฺลี,"อย่างรัดกุม, อย่างแน่น"
3,934,tile,n.,ไทลฺ,กระเบื้อง
3,935,time-consuming,adj.,ไทมฺ คันซูมมิง,"ที่สั้นเปลืองเวลามาก, ที่กินเวลา"
3,936,toiletry,n.,ทอยเลิททรี,"สิ่งที่จะใช้เมื่อจะทำความสะอาดเช่นสบู่, ครีม"
3,937,torture,n.,ทอร์เชอะ,การทรมาน
3,938,tote,v.,โทท,รวมยอด
3,939,tragedy,n.,แทรดจะดี,โศกนาฏกรรม
3,940,trail,v.,เทรล,"สะกดรอย, ตามรอย"
3,941,transfer,v.,ทรานซเฟอร์,"ถ่าย, โยกย้าย, รูปลอก"
3,942,translator,n.,ทรานซเลเทอะ,"นักแปล, ล่าม"
3,943,transmission,n.,ทรานสมิชเชิน,"การส่งผ่าน, การถ่ายทอด"
3,944,transportation,n.,ทรานสปอร์ทเทเชิน,"การขนส่ง, การคมนาคม"
3,945,treatment,n.,ทรีทเมินทฺ,"การปฏิบัติ, การดูแล, การรักษา"
3,946,trek,n.,เทรค,"การเดินทาง, การอพยพ"
3,947,tribe,n.,ไทรบฺ,"เชื้อชาติ, เผ่า, วงศ์ตระกูล"
3,948,triple,adj.,ทริพเพิล,สามเท่า
3,949,troop,n.,ทรูพ,กองกำลัง
3,950,trouble,n.,ทรับเบิล,"ความลำบาก, น่ารำคาญ, ความยุ่งยาก"
3,951,trust,v.,ทรัสทฺ,วางใจ
3,952,trustworthy,adj.,ทรัสทฺเวิร์ธธี,น่าไว้วางใจ
3,953,truth,n.,ทรูธ,ความจริง
3,954,truthful,adj.,ทรูธฟูล,"ซื่อสัตย์, ตามความจริง"
3,955,tusk,n.,ทัสคฺ,งาช้าง
3,956,tycoon,n.,ไทคูน,นักธุรกิจที่ร่ำรวยและมีอิทธิพล
3,957,typical,adj.,ทิพพิเคิล,ซึ่งเป็นแบบอย่าง
3,958,unadvised,adj.,อันแอดไวซดฺ,"ไม่ได้รับการตักเตือน, ไม่ได้รับการแนะนำ"
3,959,unapt,adj.,อันแอพทฺ,ไม่เหมาะสม
3,960,unbelievable,adj.,อันบีลีฟวะเบิล,"ซึ่งไม่น่าจะเป็นไปได้, ไม่น่าเชื่อว่าจะเป็นจริง"
3,961,uncertain,adj.,อันเซอเทิน,ไม่แน่นอน
3,962,unconscious,adj.,อันคอนเชิส,ไม่ได้สติ
3,963,unconventional,adj.,อันเคินเวนชะเนิล,ไม่เป็นไปตามกฎทั่วไป
3,964,underage,n.,อันเดอะเรจ,ยังไม่บรรลุนิติภาวะ
3,965,underproof,adj.,อันเดอะพรูฟ,มีแอลกอฮอลน้อยกว่ามาตรฐาน
3,966,unforgettable,adj.,อันฟะเกททะเบิล,ซึ่งไม่อาจลืมได้
3,967,unfortunate,adj.,อันฟอร์ทชะเนิท,โชคร้าย
3,968,unfortunately,adv.,อันฟอร์ทชะเนิทลี,อย่างโชคร้าย
3,969,unique,adj.,ยูนีค,"เป็กเอกลักษณ์, มีเพียงหนึ่งเดียว"
3,970,universal,adj.,ยูนิเวอร์เซิล,เป็นสากล
3,971,unjumble,adj.,อันจัมเบิล,ไม่ยุ่งเหยิง
3,972,unleash,v.,อันลีช,"ปล่อย, คลาย"
3,973,unless,conj.,อันเลซ,"ถ้า...ไม่, เว้นแต่"
3,974,unrealistic,adj.,อันเรียลลิสติค,ไม่เป็นความจริง
3,975,unreliable,adj.,อันรีไลอะเบิล,"ไม่ไว้ใจ, ไม่เชื่อถือ"
3,976,unromantic,adj.,อันโรแมนทิค,ไม่โรแมนติก
3,977,unscramble,v.,อันสแกรบเบิล,ทำให้เรียบร้อย
3,978,unsuitable,adj.,อันซูททะเบิล,ไม่เหมาะสม
3,979,unwillingly,adv.,อันวิลลิง,อย่างไม่เต็มใจ
3,980,urgently,adv.,เออร์เจนทลี,โดยด่วน
3,981,usage,n.,ยูสเสจ,การใช้
3,982,useful,adj.,ยูสฟูล,"ที่มีประโยชน์, ซึ่งน้ำไปใช้ประโยชน์ได้"
3,983,utility,n.,ยูทิละที,"สิ่งที่เป็นประโยชน์, ความมีประโยชน์"
3,984,vacancy,n.,เวเคินซี,"การว่าง, ตำแหน่งว่าง"
3,985,vacationer,n.,เวคเคเชินเนอะ,"คนที่สละ, คนออกไปวันหยุด"
3,986,valuable,adj.,แวลิวอะเบิล,มีคุณค่า
3,987,vanish,v.,แวนิช,"สูญสิ้นไปหมด, หายไป, อันตรธาน"
3,988,vapor,n.,เวเพอะ,"ไอน้ำา, ไอระเหย"
3,989,variety,adj.,แวไรอะที,ความหลากหลาย
3,990,vast,adj.,แวสทฺ,"กว้างใหญ, ไพศาล, มากมาย"
3,991,veal,n.,วีล,เนื้อลูกวัว
3,992,vegetation,n.,เวจจะเทเชิน,"พืช, พืชผัก"
3,993,vend,v.,เวนดฺ,"ขาย, จำหน่าย, เร่ขาย"
3,994,versus,prep.,เวอร์เซิส,"ต่อ, กับ, ต่อสู่กับ"
3,995,victory,n.,วิคทะรี,ชัยชนะ
3,996,vintage,n.,วินทิดจฺ,"เหล้าองุ่น, ชนิดของเหล้าองุ่น"
3,997,violent,adj.,ไวอะเลินทฺ,"รุนแรง, เดือด"
3,998,visible,adj.,วิซะเบิล,"เด่นชุด, ที่มองเห็นได้"
3,999,vision,n.,วิชเชิน,"ทัศนะวิสัย, การมองเห็น"
3,1000,vivid,adj.,วิวิด,"มีชีวิตชีวา, ชัดแจ้ง"
3,1001,voiceless,adj.,วอยซฺเลิส,ไร้เสียง
3,1002,volume,n.,วอลยูม,"เล่ม (หนังสือ), ฉบับ, ความดังของเสียง"
3,1003,voyage,n.,วอยอิจ,การเดินทางไกลโดยทางเรือหรือเครื่องบิน
3,1004,waive,v.,เวฟ,"สละสิทธิ์, ระงับไว้"
3,1005,warden,n.,วอร์เดิน,"เจ้าหน้าที่ดูแลเรือนจำ, ยาม, ผู้คุม"
3,1006,warrior,n.,วอร์ริเออะ,นักรบ
3,1007,waste,v.,เวสทฺ,"สูญเสีย, ไม่ได้ใช้ประโยชน์"
3,1008,watch out,v.,วอทชฺ เอาทฺ,ระมัดระวัง
3,1009,watcher,n.,วอทเชอะ,ยาม
3,1010,weapon,n.,เวพเพิน,อาวุธ
3,1011,weave,v.,วีฟ,"ถัก, ทอ"
3,1012,weed,n.,วีด,"วัชพืช, กัญชา"
3,1013,weight,n.,เวท,น้ำหนัก
3,1014,weightlessness,n.,เวทเลิสเนิส,"ไม่มีน้ำหนัก, สภาพไม่มีน้ำหนัก"
3,1015,whelp,n.,เวลพฺ,"ลูกสัตว์์เลี้ยง, เด็กหนุ่ม"
3,1016,whereas,conj.,แวร์แอส,"แต่ทว่า, ในทางตรงข้าม, อย่างไรก็ตาม"
3,1017,whether,conj.,เวธเธอะ,"ไม่ว่าจะ…. หรือไม่, ทั้งสอง"
3,1018,whoop,v.,วูพ,"โห่, ตะโกน"
3,1019,wild,adj.,ไวลดฺ,"เป็นป่า, ไม่เชื่อง, ดุร้าย"
3,1020,wildlife,n.,ไวลดฺไลฟฺ,สัตว์ป่า
3,1021,will,n.,วิล,ความตั้งใจ
3,1022,willow,n.,วิลโล,"ต้นวิลโลว, ต้นหลิว"
3,1023,wipe,v.,ไวพฺ,เช็ด
3,1024,wiper,n.,ไวพฺเพอะ,ที่ปัดน้ำฝน
3,1025,wire,n.,ไวเออะ,"ลวด, สายโทรเลข"
3,1026,worried,adj.,วอร์ริด,"รบกวน, กังวล, รังควาน"
3,1027,worship,v.,วอร์ชิพ,สักการะ
3,1028,wriggle,v.,ริกเกิล,กระดิก
3,1029,wrinkle,n.,ริงเคิล,"รอยย่นบนใบหน้า, รอยย่น"
3,1030,yarn,n.,ยาร์น,"เส้นไหมพรม, เส้นด้าย"
3,1031,yield,v.,เยลดฺ,"ให้ผลผลิต, ยินยอม, โค้งงอ"
3,1032,youthful,adj.,ยูธฟูล,ที่เป็นหนุ่มสาว
3,1033,zeal,n.,ซีล,"ความกระตือรือร้น, ความออกนอกหน้า"
